STATUS PROCESSO;CÓDIGO;DESCRIÇÃO;QUANTIDADE;NIVEL_URGENCIA;FAMILIA;PO# REF;FORNECEDOR;PREV. CHEGADA CD;DATA REAL CHEGADA CD;PREV. ATRACAÇÃO;DATA REAL ATRACAÇÃO ;QTDE 40';QTDE 20';SEMANA;PARES;TOP FAMILIA;ESTOQUE;BACKORDER;MÉDIA;COBERTURA CHEGANDO;COBERTURA HOJE;COBERTURA TOTAL
EMBARCADO;87003;LANCETA SEGURANCA 21G 1.8MM C/100 LABOR;600;PRIORIDADE;LANCETA CONVENCIONAL ESTERL-TI;25.01-TIANDA;TIANDA;06/05/2026;(vazio);15/04/2026;(vazio);3;1;5º;#REF!;#REF!;0;0;#REF!;#REF!;#REF!;#REF!
EMBARCADO;87006;LANCETA CONVENCIONAL C/200 LABOR;1.000,00;CRÍTICO;LANCETA CONVENCIONAL ESTERL-TI;25.01-TIANDA;TIANDA;06/05/2026;(vazio);15/04/2026;(vazio);3;1;5º;#REF!;#REF!;11;0;#REF!;#REF!;#REF!;#REF!
EMBARCADO;3911;LAMINA FOSCA 26X76MM C/50 (YA);22.000,00;PRIORIDADE;LAMINAS;25.03-TIANDI;TIANDI;06/05/2026;(vazio);15/04/2026;(vazio);3;1;5º;#REF!;#REF!;0;0;#REF!;#REF!;#REF!;#REF!
EMBARCADO;3912;LAMINA LISA 26X76MM C/50 (YA);4.000,00;ESTÁVEL;LAMINAS;25.03-TIANDI;TIANDI;06/05/2026;(vazio);15/04/2026;(vazio);3;1;5º;#REF!;#REF!;0;0;#REF!;#REF!;#REF!;#REF!
EMBARCADO;3926;LAMINULA 22X22 C/1000 (YA);600;PRIORIDADE;LAMINULAS;25.03-TIANDI;TIANDI;06/05/2026;(vazio);15/04/2026;(vazio);3;1;5º;#REF!;#REF!;0;0;#REF!;#REF!;#REF!;#REF!
EMBARCADO;3929;LAMINULA 20X20 C/ 1000 (YA);150;ESTÁVEL;LAMINULAS;25.03-TIANDI;TIANDI;06/05/2026;(vazio);15/04/2026;(vazio);3;1;5º;#REF!;#REF!;0;0;#REF!;#REF!;#REF!;#REF!
EMBARCADO;3930;LAMINULA 24X24 C/ 1000 (YA);500;ESTÁVEL;LAMINULAS;25.03-TIANDI;TIANDI;06/05/2026;(vazio);15/04/2026;(vazio);3;1;5º;#REF!;#REF!;912;0;#REF!;#REF!;#REF!;#REF!
EMBARCADO;3933;LAMINULA 24X60 C/ 1000 (YA);100;ESTÁVEL;LAMINULAS;25.03-TIANDI;TIANDI;06/05/2026;(vazio);15/04/2026;(vazio);3;1;5º;#REF!;#REF!;175;0;#REF!;#REF!;#REF!;#REF!
EMBARCADO;3801;ESCOVA CERVICAL C/100 (SW);2.000,00;CRÍTICO;ESCOVAS;25.05-WEIGAO;WEIGAO;06/05/2026;(vazio);15/04/2026;(vazio);3;1;5º;#REF!;#REF!;723;0;#REF!;#REF!;#REF!;#REF!
EMBARCADO;3802;ESCOVA CERVICAL ESTERIL C/100 (SW);3.500,00;CRÍTICO;ESCOVAS;25.05-WEIGAO;WEIGAO;06/05/2026;(vazio);15/04/2026;(vazio);3;1;5º;#REF!;#REF!;45;0;#REF!;#REF!;#REF!;#REF!
EMBARCADO;5019;ADAPTADOR P/ AGULHA A VACUO PADRAO (SW);90.000,00;CRÍTICO;ADAPTADORES PARA TUBOS A VACUO;25.05-WEIGAO;WEIGAO;06/05/2026;(vazio);15/04/2026;(vazio);3;1;5º;#REF!;#REF!;39800;0;#REF!;#REF!;#REF!;#REF!
EMBARCADO;80082;AGULHA HIP 25X8 C/100 LABOR;30.000,00;CRÍTICO;AGULHAS HIPODERMICAS;25.05-WEIGAO;WEIGAO;06/05/2026;(vazio);15/04/2026;(vazio);3;1;5º;#REF!;#REF!;5846;0;#REF!;#REF!;#REF!;#REF!
EMBARCADO;50129;COLETOR PERFURO CORT PLAST 1L (DMG);3.500,00;ESTÁVEL;COLETORES DE RESIDUOS;25.06-DAILY;DAILYMAG ;06/05/2026;(vazio);15/04/2026;(vazio);3;1;5º;#REF!;#REF!;1531;0;#REF!;#REF!;#REF!;#REF!
EMBARCADO;50133;COLETOR PERFURO CORT PLAST 15L (DMG);5.000,00;PRIORIDADE;COLETORES DE RESIDUOS;25.06-DAILY;DAILYMAG ;06/05/2026;(vazio);15/04/2026;(vazio);3;1;5º;#REF!;#REF!;0;0;#REF!;#REF!;#REF!;#REF!
EMBARCADO;287;AGULHA GENGIVAL CURTA 30G C/100 PROCARE;16.000,00;ESTÁVEL;AGULHA GENGIVAL;25.06-JAGU;JIANGSU;06/05/2026;(vazio);17/04/2026;(vazio);3;1;5º;#REF!;#REF!;13224;0;#REF!;#REF!;#REF!;#REF!
EMBARCADO;288;AGULHA GENGIVAL EXTRA 30G C/100 PROCARE;3.500,00;ESTÁVEL;AGULHA GENGIVAL;25.06-JAGU;JIANGSU;06/05/2026;(vazio);17/04/2026;(vazio);3;1;5º;#REF!;#REF!;5847;0;#REF!;#REF!;#REF!;#REF!
EMBARCADO;2605A;MICROSCOPIO ACRO BINOCULAR L1000B (LI);200;ESTÁVEL;MICROSCOPIOS E PECAS;25.07-NOVEL;NOVEL;06/05/2026;(vazio);15/04/2026;(vazio);3;1;5º;#REF!;#REF!;0;0;#REF!;#REF!;#REF!;#REF!
EMBARCADO;2607A;MICROSCOPIO PLANO TRINOCULAR L2000T (LI);150;ESTÁVEL;MICROSCOPIOS E PECAS;25.07-NOVEL;NOVEL;06/05/2026;(vazio);15/04/2026;(vazio);3;1;5º;#REF!;#REF!;0;0;#REF!;#REF!;#REF!;#REF!
EMBARCADO;2608A;MICROSCOPIO PLANO BINOCULAR L2000B (LI);200;ESTÁVEL;MICROSCOPIOS E PECAS;25.07-NOVEL;NOVEL;06/05/2026;(vazio);15/04/2026;(vazio);3;1;5º;#REF!;#REF!;0;0;#REF!;#REF!;#REF!;#REF!
EMBARCADO;2609A;MICROSCOPIO PLANO TRINOCULAR L3000T (LI);18;ESTÁVEL;MICROSCOPIOS E PECAS;25.07-NOVEL;NOVEL;06/05/2026;(vazio);15/04/2026;(vazio);3;1;5º;#REF!;#REF!;0;0;#REF!;#REF!;#REF!;#REF!
EMBARCADO;2610A;MICROSCOPIO PLANO BINOCULAR L3000B (LI);10;ESTÁVEL;MICROSCOPIOS E PECAS;25.07-NOVEL;NOVEL;06/05/2026;(vazio);15/04/2026;(vazio);3;1;5º;#REF!;#REF!;0;0;#REF!;#REF!;#REF!;#REF!
EMBARCADO;306;AGULHA PERI TUOHY 18GX3,5 C/25 PROCARE;700;ESTÁVEL;AGULHAS ANESTESICA;25.07-SHA;SHANGHAI;06/05/2026;(vazio);15/04/2026;(vazio);3;1;5º;#REF!;#REF!;1397;0;#REF!;#REF!;#REF!;#REF!
EMBARCADO;322;AGULHA RAQUI QUINCK 22GX3,5 C/25 PROCARE;2.500,00;PRIORIDADE;AGULHAS ANESTESICA;25.07-SHA;SHANGHAI;06/05/2026;(vazio);15/04/2026;(vazio);3;1;5º;#REF!;#REF!;110;0;#REF!;#REF!;#REF!;#REF!
EMBARCADO;323;AGULHA RAQUI QUINCK 25GX3,5 C/25 PROCARE;10.000,00;ESTÁVEL;AGULHAS ANESTESICA;25.07-SHA;SHANGHAI;06/05/2026;(vazio);15/04/2026;(vazio);3;1;5º;#REF!;#REF!;1019;0;#REF!;#REF!;#REF!;#REF!
EMBARCADO;324;AGULHA RAQUI QUINCK 26GX3,5 C/25 PROCARE;6.000,00;CRÍTICO;AGULHAS ANESTESICA;25.07-SHA;SHANGHAI;06/05/2026;(vazio);15/04/2026;(vazio);3;1;5º;#REF!;#REF!;715;0;#REF!;#REF!;#REF!;#REF!
EMBARCADO;325;AGULHA RAQUI QUINCK 27GX3,5 C/25 PROCARE;6.000,00;ESTÁVEL;AGULHAS ANESTESICA;25.07-SHA;SHANGHAI;06/05/2026;(vazio);15/04/2026;(vazio);3;1;5º;#REF!;#REF!;109;0;#REF!;#REF!;#REF!;#REF!
EMBARCADO;119;AGULHA SUTURA B 13 C/120 PROCARE;24;CRÍTICO;AGULHAS PARA SUTURA;26.02-MGE;MEDICO IND.;06/05/2026;(vazio);17/04/2026;(vazio);3;1;5º;#REF!;#REF!;8;0;#REF!;#REF!;#REF!;#REF!
EMBARCADO;138;AGULHA SUTURA G 7 C/120 PROCARE;48;CRÍTICO;AGULHAS PARA SUTURA;26.02-MGE;MEDICO IND.;06/05/2026;(vazio);17/04/2026;(vazio);3;1;5º;#REF!;#REF!;65;0;#REF!;#REF!;#REF!;#REF!
EMBARCADO;156;AGULHA SUTURA GR 8 C/120 PROCARE;48;ESTÁVEL;AGULHAS PARA SUTURA;26.02-MGE;MEDICO IND.;06/05/2026;(vazio);17/04/2026;(vazio);3;1;5º;#REF!;#REF!;0;0;#REF!;#REF!;#REF!;#REF!
EMBARCADO;157;AGULHA SUTURA GR 9 C/120 PROCARE;48;ESTÁVEL;AGULHAS PARA SUTURA;26.02-MGE;MEDICO IND.;06/05/2026;(vazio);17/04/2026;(vazio);3;1;5º;#REF!;#REF!;0;0;#REF!;#REF!;#REF!;#REF!
EMBARCADO;160;AGULHA SUTURA GR 12 C/120 PROCARE;120;ESTÁVEL;AGULHAS PARA SUTURA;26.02-MGE;MEDICO IND.;06/05/2026;(vazio);17/04/2026;(vazio);3;1;5º;#REF!;#REF!;0;0;#REF!;#REF!;#REF!;#REF!
EMBARCADO;234;FIO NYLON 3/8 4.0 AG20 C/24 PROCARE - D;20.000,00;ESTÁVEL;FIO AGULHADO;26.02-MGE;MEDICO IND.;06/05/2026;(vazio);17/04/2026;(vazio);3;1;5º;#REF!;#REF!;29118;0;#REF!;#REF!;#REF!;#REF!
EMBARCADO;241;FIO NYLON 3/8 6.0 A20 C/24 PROCARE;920;ESTÁVEL;FIO AGULHADO;26.02-MGE;MEDICO IND.;06/05/2026;(vazio);17/04/2026;(vazio);3;1;5º;#REF!;#REF!;1363;0;#REF!;#REF!;#REF!;#REF!
EMBARCADO;282;FIO SEDA 1/2 3.0 AG17 C/24 PROCARE - D;5.000,00;ESTÁVEL;FIO AGULHADO;26.02-MGE;MEDICO IND.;06/05/2026;(vazio);17/04/2026;(vazio);3;1;5º;#REF!;#REF!;15924;0;#REF!;#REF!;#REF!;#REF!
EMBARCADO;283;FIO SEDA 3/8 3.0 AG17 C/24 PROCARE;2.000,00;ESTÁVEL;FIO AGULHADO;26.02-MGE;MEDICO IND.;06/05/2026;(vazio);17/04/2026;(vazio);3;1;5º;#REF!;#REF!;6734;0;#REF!;#REF!;#REF!;#REF!
EMBARCADO;285;FIO SEDA 3/8 4.0 AG17 C/24 PROCARE;600;ESTÁVEL;FIO AGULHADO;26.02-MGE;MEDICO IND.;06/05/2026;(vazio);17/04/2026;(vazio);3;1;5º;#REF!;#REF!;3402;0;#REF!;#REF!;#REF!;#REF!
EMBARCADO;5420;FIO NYLON 1/2 4.0 AG30 C/24 PROCARE;320;ESTÁVEL;FIO AGULHADO;26.02-MGE;MEDICO IND.;06/05/2026;(vazio);17/04/2026;(vazio);3;1;5º;#REF!;#REF!;320;0;#REF!;#REF!;#REF!;#REF!
EM DESEMBARAÇO;86003;ALCOOL SWAB SACHE C/100 (PH);182.000,00;ESTÁVEL;SACHES;25.03-PHOENIX;PHOENIX;04/05/2026;(vazio);20/04/2026;20/04/2026;1;(vazio);1º;#REF!;#REF!;20680;0;#REF!;#REF!;#REF!;#REF!
EM DESEMBARAÇO;5401;EQUIPO MACRO COMPLETO L2 PVC C/25 (SW);49.200,00;PRIORIDADE;EQUIPOS;25.07-WEIGAO;WEIGAO;05/05/2026;(vazio);16/04/2026;15/04/2026;3;(vazio);1º;#REF!;#REF!;0;0;#REF!;#REF!;#REF!;#REF!
EMBARCADO;5465;TUBO AMARELO GEL 3,5ML PLAST C/100 (AY);972;ESTÁVEL;TUBOS VACUO DE PLASTICO;25.04-AYSET;AYSET;06/05/2026;(vazio);27/04/2026;(vazio);3;(vazio);1º;#REF!;#REF!;15769;0;#REF!;#REF!;#REF!;#REF!
EMBARCADO;5467;TUBO AMARELO GEL 8ML PLAST C/100 (AY);2.604,00;ESTÁVEL;TUBOS VACUO DE PLASTICO;25.04-AYSET;AYSET;06/05/2026;(vazio);27/04/2026;(vazio);3;(vazio);1º;#REF!;#REF!;1291;0;#REF!;#REF!;#REF!;#REF!
EMBARCADO;50148N;TUBO ROXO EDTA K3 4ML PLAST C/100 (AY);24.228,00;CRÍTICO;TUBOS VACUO DE PLASTICO;25.04-AYSET;AYSET;06/05/2026;(vazio);27/04/2026;(vazio);3;(vazio);1º;#REF!;#REF!;0;0;#REF!;#REF!;#REF!;#REF!
EMBARCADO;50149N;TUBO ROXO EDTA K2 2ML PLAST C/100 (AY);6.000,00;PRIORIDADE;TUBOS VACUO DE PLASTICO;25.04-AYSET;AYSET;06/05/2026;(vazio);27/04/2026;(vazio);3;(vazio);1º;#REF!;#REF!;0;0;#REF!;#REF!;#REF!;#REF!
EMBARCADO;50150N;TUBO AZUL CITRATO 1,8ML PLT C/100 (AY);5.004,00;CRÍTICO;TUBOS VACUO DE PLASTICO;25.04-AYSET;AYSET;06/05/2026;(vazio);27/04/2026;(vazio);3;(vazio);1º;#REF!;#REF!;0;0;#REF!;#REF!;#REF!;#REF!
EMBARCADO;50151N;TUBO AZUL CITRATO 3,6ML PLT C/100 (AY);8.004,00;CRÍTICO;TUBOS VACUO DE PLASTICO;25.04-AYSET;AYSET;06/05/2026;(vazio);27/04/2026;(vazio);3;(vazio);1º;#REF!;#REF!;0;0;#REF!;#REF!;#REF!;#REF!
EMBARCADO;50153N;TUBO CINZA FLUORETO 4ML PLAS C/100 (AY);9.000,00;CRÍTICO;TUBOS VACUO DE PLASTICO;25.04-AYSET;AYSET;06/05/2026;(vazio);27/04/2026;(vazio);3;(vazio);1º;#REF!;#REF!;0;0;#REF!;#REF!;#REF!;#REF!
EMBARCADO;86003;ALCOOL SWAB SACHE C/100 (PH);182.000,00;ESTÁVEL;SACHES;25.04-PHOENIX;PHOENIX;07/05/2026;(vazio);27/04/2026;(vazio);1;(vazio);1º;#REF!;#REF!;20680;0;#REF!;#REF!;#REF!;#REF!
EMBARCADO;344;AGULHA HIP 30X8 C/100 SOLIDOR;10.000,00;PRIORIDADE;AGULHAS HIPODERMICAS;26.02-MAGUSERIN;MEDICO IND.;11/05/2026;(vazio);03/05/2026;(vazio);1;(vazio);2º;#REF!;#REF!;500;0;#REF!;#REF!;#REF!;#REF!
EMBARCADO;345;AGULHA HIP 40X12 C/100 SOLIDOR;43.000,00;PRIORIDADE;AGULHAS HIPODERMICAS;26.02-MAGUSERIN;MEDICO IND.;11/05/2026;(vazio);03/05/2026;(vazio);1;(vazio);2º;#REF!;#REF!;35714;0;#REF!;#REF!;#REF!;#REF!
EMBARCADO;366;AGULHA HIP 25X6 C/100 SOLIDOR;10.000,00;ESTÁVEL;AGULHAS HIPODERMICAS;26.02-MAGUSERIN;MEDICO IND.;11/05/2026;(vazio);03/05/2026;(vazio);1;(vazio);2º;#REF!;#REF!;7824;0;#REF!;#REF!;#REF!;#REF!
EMBARCADO;5473;CATETER INTRA FEP 22G C/100;2.500,00;ESTÁVEL;CATETERES SIMPLES;25.16-VITRO;POLYMED;13/05/2026;(vazio);05/05/2026;(vazio);(vazio);1730;2º;#REF!;#REF!;20848;0;#REF!;#REF!;#REF!;#REF!
EMBARCADO;5477;CATETER INTRA FEP 26 C/100;6.500,00;ESTÁVEL;CATETERES SIMPLES;25.16-VITRO;POLYMED;13/05/2026;(vazio);05/05/2026;(vazio);(vazio);1730;2º;#REF!;#REF!;377;0;#REF!;#REF!;#REF!;#REF!
EM PRODUÇÃO;6038;SERINGA HIP 5ML SLIP C/500  (SR);1.300,00;CRÍTICO;SERINGAS CONVENCIONAIS;IMP00009-SR;SR;15/05/2026;(vazio);30/04/2026;(vazio);(vazio);(vazio);2º;#REF!;#REF!;0;0;#REF!;#REF!;#REF!;#REF!
EM PRODUÇÃO;6041;SERINGA HIP 3ML LOCK PY C/500 (SR);2.000,00;CRÍTICO;SERINGAS CONVENCIONAIS;IMP00009-SR;SR;15/05/2026;(vazio);30/04/2026;(vazio);(vazio);(vazio);2º;#REF!;#REF!;0;0;#REF!;#REF!;#REF!;#REF!
EM PRODUÇÃO;6042;SERINGA HIP 5ML LOCK C/500 PY (SR);1.350,00;CRÍTICO;SERINGAS CONVENCIONAIS;IMP00009-SR;SR;15/05/2026;(vazio);30/04/2026;(vazio);(vazio);(vazio);2º;#REF!;#REF!;166;0;#REF!;#REF!;#REF!;#REF!
EMBARCADO;374;TORNEIRA 3 VIAS LOCK C/TRAV C/50 SOLIDOR;16.500,00;ESTÁVEL;TORNEIRAS;IMP00011-BIOMED;BIOMED;20/05/2026;(vazio);10/05/2026;(vazio);(vazio);(vazio);3º;#REF!;#REF!;11873;0;#REF!;#REF!;#REF!;#REF!
EMBARCADO;375;TORNEIRA 3 VIAS LOCK C/TRAV C/50 SOLIDOR;4.000,00;ESTÁVEL;TORNEIRAS;IMP00011-BIOMED;BIOMED;20/05/2026;(vazio);10/05/2026;(vazio);(vazio);(vazio);3º;#REF!;#REF!;1792;0;#REF!;#REF!;#REF!;#REF!
EMBARCADO;4951;BOLSA COL URINA S/F C/COL 2000ML;105.030,00;PRIORIDADE;BOLSA DE URINA;IMP00001-POLYMED;POLYMED;20/05/2026;(vazio);10/05/2026;(vazio);1;(vazio);3º;#REF!;#REF!;88935;0;#REF!;#REF!;#REF!;#REF!
EMBARCADO;AM295;SERINGA HIP 3ML SLIP C/100 PROCARE;5;CRÍTICO;HOSPITALAR;IMP00012-BIOMED-SAMPLE;BIOMED;20/05/2026;(vazio);10/05/2026;(vazio);(vazio);(vazio);3º;#REF!;#REF!;0;0;#REF!;#REF!;#REF!;#REF!
EMBARCADO;AM296;SERINGA HIP 20ML SLIP C/50 PROCARE;10;CRÍTICO;HOSPITALAR;IMP00012-BIOMED-SAMPLE;BIOMED;20/05/2026;(vazio);10/05/2026;(vazio);(vazio);(vazio);3º;#REF!;#REF!;0;0;#REF!;#REF!;#REF!;#REF!
EMBARCADO;AM297;SERINGA HIP LUER SLIP 1ML C/100 PROCARE;5;CRÍTICO;HOSPITALAR;IMP00012-BIOMED-SAMPLE;BIOMED;20/05/2026;(vazio);10/05/2026;(vazio);(vazio);(vazio);3º;#REF!;#REF!;0;0;#REF!;#REF!;#REF!;#REF!
EMBARCADO;AM298;SERINGA HIP LUER LOCK 10ML C/100 PROCARE;5;CRÍTICO;HOSPITALAR;IMP00012-BIOMED-SAMPLE;BIOMED;20/05/2026;(vazio);10/05/2026;(vazio);(vazio);(vazio);3º;#REF!;#REF!;0;0;#REF!;#REF!;#REF!;#REF!
EMBARCADO;AM299;SERINGA HIP LUER LOCK 20ML C/50 PROCARE;5;CRÍTICO;HOSPITALAR;IMP00012-BIOMED-SAMPLE;BIOMED;20/05/2026;(vazio);10/05/2026;(vazio);(vazio);(vazio);3º;#REF!;#REF!;0;0;#REF!;#REF!;#REF!;#REF!
EMBARCADO;AM377;SERINGA HIP LUER LOCK 5ML C/100 PROCARE;5;CRÍTICO;HOSPITALAR;IMP00012-BIOMED-SAMPLE;BIOMED;20/05/2026;(vazio);10/05/2026;(vazio);(vazio);(vazio);3º;#REF!;#REF!;0;0;#REF!;#REF!;#REF!;#REF!
EMBARCADO;AM404;SERINGA HIP LUER LOCK 5ML C/100 PROCARE;5;CRÍTICO;HOSPITALAR;IMP00012-BIOMED-SAMPLE;BIOMED;20/05/2026;(vazio);10/05/2026;(vazio);(vazio);(vazio);3º;#REF!;#REF!;0;0;#REF!;#REF!;#REF!;#REF!
EMBARCADO;396;SERINGA INS 1ML 13X0,33 C/100 SOLIDOR;2.500,00;PRIORIDADE;SERINGAS CONVENCIONAIS; 26.02-MEQ-1;MEDICO IND.;22/05/2026;(vazio);05/05/2026;(vazio);2;(vazio);3º;#REF!;#REF!;0;0;#REF!;#REF!;#REF!;#REF!
EMBARCADO;408;SERINGA INS 1ML 13X0,33 C/100 SOLIDOR;10.000,00;PRIORIDADE;SERINGAS CONVENCIONAIS; 26.02-MEQ-1;MEDICO IND.;22/05/2026;(vazio);05/05/2026;(vazio);2;(vazio);3º;#REF!;#REF!;0;0;#REF!;#REF!;#REF!;#REF!
EMBARCADO;487;EQUIPO TRANSF SANGUE CAM2 C/100 LAMEDID;2.800,00;ESTÁVEL;EQUIPOS; 26.02-MEQ-1;MEDICO IND.;22/05/2026;(vazio);05/05/2026;(vazio);2;(vazio);3º;#REF!;#REF!;5471;0;#REF!;#REF!;#REF!;#REF!
EMBARCADO;582;EQUIPO MACRO FOTOSSENSIVEL C/100 LAMEDID;1.200,00;ESTÁVEL;EQUIPOS; 26.02-MEQ-1;MEDICO IND.;22/05/2026;(vazio);05/05/2026;(vazio);2;(vazio);3º;#REF!;#REF!;974;0;#REF!;#REF!;#REF!;#REF!
EMBARCADO;5401;EQUIPO MACRO COMPLETO L2 PVC C/25 (SW);32.870,00;PRIORIDADE;EQUIPOS;26.02-WEIGAO;WEIGAO;25/05/2026;(vazio);15/05/2026;(vazio);2;(vazio);3º;#REF!;#REF!;0;0;#REF!;#REF!;#REF!;#REF!
EMBARCADO;282;FIO SEDA 1/2 3.0 AG17 C/24 PROCARE - D;9.000,00;ESTÁVEL;FIO AGULHADO;26.03-MGE-2 ;MEDICO IND.;26/05/2026;(vazio);20/05/2026;(vazio);(vazio);(vazio);4º;#REF!;#REF!;15924;0;#REF!;#REF!;#REF!;#REF!
EMBARCADO;283;FIO SEDA 3/8 3.0 AG17 C/24 PROCARE;3.000,00;ESTÁVEL;FIO AGULHADO;26.03-MGE-2 ;MEDICO IND.;26/05/2026;(vazio);20/05/2026;(vazio);(vazio);(vazio);4º;#REF!;#REF!;6734;0;#REF!;#REF!;#REF!;#REF!
EMBARCADO;284;FIO SEDA 1/2 4.0 AG17 C/24 PROCARE - D;7.000,00;ESTÁVEL;FIO AGULHADO;26.03-MGE-2 ;MEDICO IND.;26/05/2026;(vazio);20/05/2026;(vazio);(vazio);(vazio);4º;#REF!;#REF!;9300;0;#REF!;#REF!;#REF!;#REF!
EMBARCADO;341;AGULHA HIP 25X7 C/100 SOLIDOR;60.000,00;PRIORIDADE;AGULHAS HIPODERMICAS;26.01-MAGU-2;MEDICO IND.;25/05/2026;(vazio);20/05/2026;(vazio);(vazio);(vazio);4º;#REF!;#REF!;19947;0;#REF!;#REF!;#REF!;#REF!
EMBARCADO;342;AGULHA HIP 25X8 C/100 SOLIDOR;40.000,00;ESTÁVEL;AGULHAS HIPODERMICAS;26.01-MAGU-2;MEDICO IND.;25/05/2026;(vazio);20/05/2026;(vazio);(vazio);(vazio);4º;#REF!;#REF!;2328;0;#REF!;#REF!;#REF!;#REF!
EMBARCADO;343;AGULHA HIP 30X7 C/100 SOLIDOR;10.000,00;ESTÁVEL;AGULHAS HIPODERMICAS;26.01-MAGU-2;MEDICO IND.;25/05/2026;(vazio);20/05/2026;(vazio);(vazio);(vazio);4º;#REF!;#REF!;1112;0;#REF!;#REF!;#REF!;#REF!
EMBARCADO;344;AGULHA HIP 30X8 C/100 SOLIDOR;30.000,00;ESTÁVEL;AGULHAS HIPODERMICAS;26.01-MAGU-2;MEDICO IND.;25/05/2026;(vazio);20/05/2026;(vazio);(vazio);(vazio);4º;#REF!;#REF!;500;0;#REF!;#REF!;#REF!;#REF!
EMBARCADO;345;AGULHA HIP 40X12 C/100 SOLIDOR;41.000,00;PRIORIDADE;AGULHAS HIPODERMICAS;26.01-MAGU-2;MEDICO IND.;25/05/2026;(vazio);20/05/2026;(vazio);(vazio);(vazio);4º;#REF!;#REF!;35714;0;#REF!;#REF!;#REF!;#REF!
EMBARCADO;365;AGULHA HIP 20X5,5 C/100 SOLIDOR;40.000,00;PRIORIDADE;AGULHAS HIPODERMICAS;26.01-MAGU-2;MEDICO IND.;25/05/2026;(vazio);20/05/2026;(vazio);(vazio);(vazio);4º;#REF!;#REF!;419;0;#REF!;#REF!;#REF!;#REF!
EMBARCADO;366;AGULHA HIP 25X6 C/100 SOLIDOR;5.000,00;ESTÁVEL;AGULHAS HIPODERMICAS;26.01-MAGU-2;MEDICO IND.;25/05/2026;(vazio);20/05/2026;(vazio);(vazio);(vazio);4º;#REF!;#REF!;7824;0;#REF!;#REF!;#REF!;#REF!
EMBARCADO;488;FIO POLIPROP 1/2 2.0 AG35 C/24 PROCARE;400;ESTÁVEL;FIO AGULHADO;26.03-MGE-2 ;MEDICO IND.;26/05/2026;(vazio);20/05/2026;(vazio);(vazio);(vazio);4º;#REF!;#REF!;988;0;#REF!;#REF!;#REF!;#REF!
EMBARCADO;671;LAMINA BISTURI INOX 12 C/100 LAMEDID;1.000,00;ESTÁVEL;LAMINAS DE BISTURI;26.03-MGE-2 ;MEDICO IND.;26/05/2026;(vazio);20/05/2026;(vazio);(vazio);(vazio);4º;#REF!;#REF!;1170;0;#REF!;#REF!;#REF!;#REF!
EMBARCADO;677;LAMINA BISTURI INOX 23 C/100 LAMEDID;500;ESTÁVEL;LAMINAS DE BISTURI;26.03-MGE-2 ;MEDICO IND.;26/05/2026;(vazio);20/05/2026;(vazio);(vazio);(vazio);4º;#REF!;#REF!;0;0;#REF!;#REF!;#REF!;#REF!
EMBARCADO;680;LAMINA BISTURI CARBONO 11 C/100 SOLIDOR;3.000,00;ESTÁVEL;LAMINAS DE BISTURI;26.03-MGE-2 ;MEDICO IND.;26/05/2026;(vazio);20/05/2026;(vazio);(vazio);(vazio);4º;#REF!;#REF!;6092;0;#REF!;#REF!;#REF!;#REF!
EMBARCADO;681;LAMINA BISTURI CARBONO 12 C/100 SOLIDOR;5.000,00;ESTÁVEL;LAMINAS DE BISTURI;26.03-MGE-2 ;MEDICO IND.;26/05/2026;(vazio);20/05/2026;(vazio);(vazio);(vazio);4º;#REF!;#REF!;6792;0;#REF!;#REF!;#REF!;#REF!
EMBARCADO;682;LAMINA BISTURI CARBONO 15 C/100 SOLIDOR;12.000,00;ESTÁVEL;LAMINAS DE BISTURI;26.03-MGE-2 ;MEDICO IND.;26/05/2026;(vazio);20/05/2026;(vazio);(vazio);(vazio);4º;#REF!;#REF!;16907;0;#REF!;#REF!;#REF!;#REF!
EMBARCADO;683;LAMINA BISTURI CARBONO 15C C/100 SOLIDOR;6.000,00;CRÍTICO;LAMINAS DE BISTURI;26.03-MGE-2 ;MEDICO IND.;26/05/2026;(vazio);20/05/2026;(vazio);(vazio);(vazio);4º;#REF!;#REF!;12475;0;#REF!;#REF!;#REF!;#REF!
EMBARCADO;685;LAMINA BISTURI CARBONO 21 C/100 SOLIDOR;500;CRÍTICO;LAMINAS DE BISTURI;26.03-MGE-2 ;MEDICO IND.;26/05/2026;(vazio);20/05/2026;(vazio);(vazio);(vazio);4º;#REF!;#REF!;132;0;#REF!;#REF!;#REF!;#REF!
EMBARCADO;687;LAMINA BISTURI CARBONO 23 C/100 SOLIDOR;4.000,00;ESTÁVEL;LAMINAS DE BISTURI;26.03-MGE-2 ;MEDICO IND.;26/05/2026;(vazio);20/05/2026;(vazio);(vazio);(vazio);4º;#REF!;#REF!;95;0;#REF!;#REF!;#REF!;#REF!
EMBARCADO;688;LAMINA BISTURI CARBONO 24 C/100 SOLIDOR;4.000,00;ESTÁVEL;LAMINAS DE BISTURI;26.03-MGE-2 ;MEDICO IND.;26/05/2026;(vazio);20/05/2026;(vazio);(vazio);(vazio);4º;#REF!;#REF!;1458;0;#REF!;#REF!;#REF!;#REF!
EMBARCADO;4253;SCALP VACUO 21G C/100 (JH);15.500,00;ESTÁVEL;SCALPS A VACUO;25.04-HONGDA;HONGDA;22/05/2026;(vazio);18/05/2026;(vazio);1;1;4º;#REF!;#REF!;5202;0;#REF!;#REF!;#REF!;#REF!
EMBARCADO;4254;SCALP VACUO 23G C/100 (JH);15.000,00;ESTÁVEL;SCALPS A VACUO;25.04-HONGDA;HONGDA;22/05/2026;(vazio);18/05/2026;(vazio);(vazio);(vazio);4º;#REF!;#REF!;2873;0;#REF!;#REF!;#REF!;#REF!
EMBARCADO;4255;SCALP VACUO 25G C/100 (JH);2.500,00;PRIORIDADE;SCALPS A VACUO;25.04-HONGDA;HONGDA;22/05/2026;(vazio);18/05/2026;(vazio);(vazio);(vazio);4º;#REF!;#REF!;1;0;#REF!;#REF!;#REF!;#REF!
EMBARCADO;5234;FIO AGULHADO NYLON 4020 C/24 PROCARE;30.000,00;ESTÁVEL;FIO AGULHADO;26.03-MGE-2 ;MEDICO IND.;26/05/2026;(vazio);20/05/2026;(vazio);(vazio);(vazio);4º;#REF!;#REF!;0;0;#REF!;#REF!;#REF!;#REF!
ARTWORK;689;EQUIPO MACRO MOD17 LOCK C/250 LAMEDID;45;CRÍTICO;EQUIPOS;SAMPLE-001;MEDICO IND.;25/05/2026;(vazio);19/05/2026;(vazio);(vazio);(vazio);4º;#REF!;#REF!;0;0;#REF!;#REF!;#REF!;#REF!
EMBARCADO;3939;CATETER INTRA PUR SEG 18G C/100 (PM);1.300,00;ESTÁVEL;CATETERES DE SEGURANCA;IMP00004-POLYMED;POLYMED;25/05/2026;(vazio);20/05/2026;(vazio);1;(vazio);4º;#REF!;#REF!;219;0;#REF!;#REF!;#REF!;#REF!
EMBARCADO;3941;CATETER INTRA PUR SEG 22G C/100 (PM);4.000,00;ESTÁVEL;CATETERES DE SEGURANCA;IMP00004-POLYMED;POLYMED;25/05/2026;(vazio);20/05/2026;(vazio);1;(vazio);4º;#REF!;#REF!;373;0;#REF!;#REF!;#REF!;#REF!
EMBARCADO;3942;CATETER INTRA PUR SEG 24G C/100 (PM);1.000,00;PRIORIDADE;CATETERES DE SEGURANCA;IMP00004-POLYMED;POLYMED;25/05/2026;(vazio);20/05/2026;(vazio);1;(vazio);4º;#REF!;#REF!;174;0;#REF!;#REF!;#REF!;#REF!
EMBARCADO;4951;BOLSA COL URINA S/F C/COL 2000ML;105.030,00;PRIORIDADE;BOLSA DE URINA;IMP00001-B-POLYMED;POLYMED;25/05/2026;(vazio);20/05/2026;(vazio);1;(vazio);4º;#REF!;#REF!;88935;0;#REF!;#REF!;#REF!;#REF!
EMBARCADO;5401;EQUIPO MACRO COMPLETO L2 PVC C/25 (SW);32.870,00;PRIORIDADE;EQUIPOS;26.02-WEIGAO;WEIGAO;25/05/2026;(vazio);20/05/2026;(vazio);2;(vazio);4º;#REF!;#REF!;0;0;#REF!;#REF!;#REF!;#REF!
EMBARCADO;5468;ELETRODO (ECG) SOLIDOR;12.240,00;ESTÁVEL;ELETRODOS;IMP00002-MEDICO ELEC;MEDICO ELECTRODES;25/05/2026;(vazio);20/05/2026;(vazio);(vazio);(vazio);4º;#REF!;#REF!;17786;0;#REF!;#REF!;#REF!;#REF!
EMBARCADO;5469;CATETER INTRA FEP 14G C/100;800;ESTÁVEL;CATETERES SIMPLES;IMP00007-VITROMED;POLYMED;25/05/2026;(vazio);20/05/2026;(vazio);1;(vazio);4º;#REF!;#REF!;1948;0;#REF!;#REF!;#REF!;#REF!
EMBARCADO;5470;CATETER INTRA FEP 16G C/100;1.000,00;ESTÁVEL;CATETERES SIMPLES;IMP00007-VITROMED;POLYMED;25/05/2026;(vazio);20/05/2026;(vazio);1;(vazio);4º;#REF!;#REF!;1959;0;#REF!;#REF!;#REF!;#REF!
EMBARCADO;5471;CATETER INTRA FEP 18G C/100;3.000,00;ESTÁVEL;CATETERES SIMPLES;IMP00007-VITROMED;POLYMED;25/05/2026;(vazio);20/05/2026;(vazio);1;(vazio);4º;#REF!;#REF!;2377;0;#REF!;#REF!;#REF!;#REF!
EMBARCADO;5473;CATETER INTRA FEP 22G C/100;5.500,00;ESTÁVEL;CATETERES SIMPLES;IMP00007-VITROMED;POLYMED;25/05/2026;(vazio);20/05/2026;(vazio);1;(vazio);4º;#REF!;#REF!;20848;0;#REF!;#REF!;#REF!;#REF!
EMBARCADO;5474;CATETER INTRA FEP 24G C/100;5.000,00;ESTÁVEL;CATETERES SIMPLES;IMP00007-VITROMED;POLYMED;25/05/2026;(vazio);20/05/2026;(vazio);1;(vazio);4º;#REF!;#REF!;16072;0;#REF!;#REF!;#REF!;#REF!
EMBARCADO;644;TUBO ENDOTRAQ. 5.5 C/B C/10 SOLIDOR (BO);2.000,00;ESTÁVEL;TUBO ENDOTRAQUEAL;26.04-MFE-1;MEDICO IND.;06/06/2026;(vazio);28/04/2026;(vazio);2;(vazio);;#REF!;#REF!;1266;0;#REF!;#REF!;#REF!;#REF!
EMBARCADO;645;TUBO ENDOTRAQ. 6.0 C/B C/10 SOLIDOR (BO);1.500,00;ESTÁVEL;TUBO ENDOTRAQUEAL;26.04-MFE-1;MEDICO IND.;06/06/2026;(vazio);28/04/2026;(vazio);2;(vazio);;#REF!;#REF!;2094;0;#REF!;#REF!;#REF!;#REF!
EMBARCADO;647;TUBO ENDOTRAQ. 7.0 C/B C/10 SOLIDOR (BO);6.000,00;ESTÁVEL;TUBO ENDOTRAQUEAL;26.04-MFE-1;MEDICO IND.;06/06/2026;(vazio);28/04/2026;(vazio);2;(vazio);;#REF!;#REF!;0;0;#REF!;#REF!;#REF!;#REF!
EMBARCADO;648;TUBO ENDOTRAQ. 7.5 C/B C/10 SOLIDOR (BO);12.000,00;ESTÁVEL;TUBO ENDOTRAQUEAL;26.04-MFE-1;MEDICO IND.;06/06/2026;(vazio);28/04/2026;(vazio);2;(vazio);;#REF!;#REF!;744;0;#REF!;#REF!;#REF!;#REF!
EMBARCADO;649;TUBO ENDOTRAQ. 8.0 C/B C/10 SOLIDOR (BO);6.000,00;ESTÁVEL;TUBO ENDOTRAQUEAL;26.04-MFE-1;MEDICO IND.;06/06/2026;(vazio);28/04/2026;(vazio);2;(vazio);;#REF!;#REF!;7217;0;#REF!;#REF!;#REF!;#REF!
EMBARCADO;4267;CANULA NASAL ADU T/O C/EXT C/100 SOLIDOR;1.200,00;ESTÁVEL;CANULAS NASAIS DE OXIGENIO;26.04-MFE-1;MEDICO IND.;06/06/2026;(vazio);28/04/2026;(vazio);2;(vazio);;#REF!;#REF!;287;0;#REF!;#REF!;#REF!;#REF!
EM PRODUÇÃO;6038;SERINGA HIP 5ML SLIP C/500  (SR);700;CRÍTICO;SERINGAS CONVENCIONAIS;IMP00010-SR;SR;07/06/2026;(vazio);30/05/2026;(vazio);(vazio);(vazio);;#REF!;#REF!;0;0;#REF!;#REF!;#REF!;#REF!
EM PRODUÇÃO;6039;SERINGA HIP 10ML LOCK C/250 (SR);4.400,00;ESTÁVEL;SERINGAS CONVENCIONAIS;IMP00010-SR;SR;07/06/2026;(vazio);30/05/2026;(vazio);(vazio);(vazio);;#REF!;#REF!;734;0;#REF!;#REF!;#REF!;#REF!
EM PRODUÇÃO;341;AGULHA HIP 25X7 C/100 SOLIDOR;20.000,00;PRIORIDADE;AGULHAS HIPODERMICAS;26.01-MAGU-2;MEDICO IND.;14/06/2026;(vazio);06/06/2026;(vazio);(vazio);(vazio);;#REF!;#REF!;19947;0;#REF!;#REF!;#REF!;#REF!
EM PRODUÇÃO;345;AGULHA HIP 40X12 C/100 SOLIDOR;20.000,00;PRIORIDADE;AGULHAS HIPODERMICAS;26.01-MAGU-2;MEDICO IND.;14/06/2026;(vazio);06/06/2026;(vazio);(vazio);(vazio);;#REF!;#REF!;35714;0;#REF!;#REF!;#REF!;#REF!
EM PRODUÇÃO;346;AGULHA HIP 13X4,5 C/100 SOLIDOR;20.000,00;PRIORIDADE;AGULHAS HIPODERMICAS;26.01-MAGU-2;MEDICO IND.;14/06/2026;(vazio);06/06/2026;(vazio);(vazio);(vazio);;#REF!;#REF!;70;0;#REF!;#REF!;#REF!;#REF!
EM PRODUÇÃO;7446;AGULHA LEBEL 30GX4X0,30 C/100 PROBEAUTY;3.000,00;ESTÁVEL;AGULHAS ANESTESICA;26.01-MAGU-2;MEDICO IND.;14/06/2026;(vazio);06/06/2026;(vazio);(vazio);(vazio);;#REF!;#REF!;2400;0;#REF!;#REF!;#REF!;#REF!
EM PRODUÇÃO;7448;AGULHA LEBEL 32GX4X0,23 C/100 PROBEAUTY;3.000,00;ESTÁVEL;AGULHAS ANESTESICA;26.01-MAGU-2;MEDICO IND.;14/06/2026;(vazio);06/06/2026;(vazio);(vazio);(vazio);;#REF!;#REF!;3656;0;#REF!;#REF!;#REF!;#REF!
EM PRODUÇÃO;80;SCALP INFUSAO 21G LOCK PVC C/100 SOLIDOR;6.000,00;ESTÁVEL;EQUIPOS;26.02-MEQ-2;MEDICO IND.;17/06/2026;(vazio);09/06/2026;(vazio);3;(vazio);;#REF!;#REF!;11358;0;#REF!;#REF!;#REF!;#REF!
EM PRODUÇÃO;82;SCALP INFUSAO 25G LOCK PVC C/100 SOLIDOR;3.000,00;ESTÁVEL;EQUIPOS;26.02-MEQ-2;MEDICO IND.;17/06/2026;(vazio);09/06/2026;(vazio);3;(vazio);;#REF!;#REF!;4976;0;#REF!;#REF!;#REF!;#REF!
EM PRODUÇÃO;83;SCALP INFUSAO 27G LOCK PVC C/100 SOLIDOR;2.000,00;ESTÁVEL;EQUIPOS;26.02-MEQ-2;MEDICO IND.;17/06/2026;(vazio);09/06/2026;(vazio);3;(vazio);;#REF!;#REF!;1323;0;#REF!;#REF!;#REF!;#REF!
EM PRODUÇÃO;86;SCALP INFUSAO 23G LOCK PGC C/100 SOLIDOR;1.000,00;ESTÁVEL;SCALPS SIMPLES;26.02-MEQ-2;MEDICO IND.;17/06/2026;(vazio);09/06/2026;(vazio);3;(vazio);;#REF!;#REF!;3100;0;#REF!;#REF!;#REF!;#REF!
EM PRODUÇÃO;487;EQUIPO TRANSF SANGUE CAM2 C/100 LAMEDID;3.000,00;CRÍTICO;EQUIPOS;26.02-MEQ-2;MEDICO IND.;17/06/2026;(vazio);09/06/2026;(vazio);3;(vazio);;#REF!;#REF!;5471;0;#REF!;#REF!;#REF!;#REF!
ARTWORK;5465;TUBO AMARELO GEL 3,5ML PLAST C/100 (AY);10.008,00;ESTÁVEL;TUBOS VACUO DE PLASTICO;IMP000031-AYSET;AYSET;22/06/2026;(vazio);12/06/2026;(vazio);(vazio);(vazio);;#REF!;#REF!;15769;0;#REF!;#REF!;#REF!;#REF!
ARTWORK;5466;TUBO AMARELO GEL 5ML PLAST C/100 (AY);7.500,00;ESTÁVEL;TUBOS VACUO DE PLASTICO;IMP000031-AYSET;AYSET;22/06/2026;(vazio);12/06/2026;(vazio);(vazio);(vazio);;#REF!;#REF!;12938;0;#REF!;#REF!;#REF!;#REF!
ARTWORK;5467;TUBO AMARELO GEL 8ML PLAST C/100 (AY);1.500,00;ESTÁVEL;TUBOS VACUO DE PLASTICO;IMP000031-AYSET;AYSET;22/06/2026;(vazio);12/06/2026;(vazio);(vazio);(vazio);;#REF!;#REF!;1291;0;#REF!;#REF!;#REF!;#REF!
ARTWORK;50145N;TUBO VERM SILIC 4ML PLAST C/100 (AY);6.000,00;CRÍTICO;TUBOS VACUO DE PLASTICO;IMP000031-AYSET;AYSET;22/06/2026;(vazio);12/06/2026;(vazio);(vazio);(vazio);;#REF!;#REF!;0;0;#REF!;#REF!;#REF!;#REF!
ARTWORK;50148N;TUBO ROXO EDTA K3 4ML PLAST C/100 (AY);36.000,00;CRÍTICO;TUBOS VACUO DE PLASTICO;IMP000031-AYSET;AYSET;22/06/2026;(vazio);12/06/2026;(vazio);(vazio);(vazio);;#REF!;#REF!;0;0;#REF!;#REF!;#REF!;#REF!
ARTWORK;50149N;TUBO ROXO EDTA K2 2ML PLAST C/100 (AY);6.000,00;PRIORIDADE;TUBOS VACUO DE PLASTICO;IMP000031-AYSET;AYSET;22/06/2026;(vazio);12/06/2026;(vazio);(vazio);(vazio);;#REF!;#REF!;0;0;#REF!;#REF!;#REF!;#REF!
ARTWORK;50150N;TUBO AZUL CITRATO 1,8ML PLT C/100 (AY);6.000,00;CRÍTICO;TUBOS VACUO DE PLASTICO;IMP000031-AYSET;AYSET;22/06/2026;(vazio);12/06/2026;(vazio);(vazio);(vazio);;#REF!;#REF!;0;0;#REF!;#REF!;#REF!;#REF!
ARTWORK;50151N;TUBO AZUL CITRATO 3,6ML PLT C/100 (AY);10.008,00;CRÍTICO;TUBOS VACUO DE PLASTICO;IMP000031-AYSET;AYSET;22/06/2026;(vazio);12/06/2026;(vazio);(vazio);(vazio);;#REF!;#REF!;0;0;#REF!;#REF!;#REF!;#REF!
ARTWORK;50153N;TUBO CINZA FLUORETO 4ML PLAST C/100 (AY);12.000,00;CRÍTICO;TUBOS VACUO DE PLASTICO;IMP000031-AYSET;AYSET;22/06/2026;(vazio);12/06/2026;(vazio);(vazio);(vazio);;#REF!;#REF!;0;0;#REF!;#REF!;#REF!;#REF!
EM PRODUÇÃO;5384;TUBO CINZA FLUORETO 2,0ML C/100 (AB);4.008,00;CRÍTICO;TUBO;IMP000030-AB MEDICAL;AB MEDICAL;22/06/2026;(vazio);12/06/2026;(vazio);(vazio);(vazio);;#REF!;#REF!;0;0;#REF!;#REF!;#REF!;#REF!
EM PRODUÇÃO;50214;TUBO AMARELO GEL 3,5ML C/100 (AB);840;ESTÁVEL;TUBO;IMP000030-AB MEDICAL;AB MEDICAL;22/06/2026;(vazio);12/06/2026;(vazio);(vazio);(vazio);;#REF!;#REF!;0;0;#REF!;#REF!;#REF!;#REF!
EM PRODUÇÃO;50215;TUBO AMARELO GEL 5ML C/100 (AB);750;ESTÁVEL;TUBO;IMP000030-AB MEDICAL;AB MEDICAL;22/06/2026;(vazio);12/06/2026;(vazio);(vazio);(vazio);;#REF!;#REF!;1034;0;#REF!;#REF!;#REF!;#REF!
EM PRODUÇÃO;50217;TUBO ROXO EDTA K2 2ML C/100 (AB);6.000,00;CRÍTICO;TUBO;IMP000030-AB MEDICAL;AB MEDICAL;22/06/2026;(vazio);12/06/2026;(vazio);(vazio);(vazio);;#REF!;#REF!;0;0;#REF!;#REF!;#REF!;#REF!
EM PRODUÇÃO;50218;TUBO ROXO EDTA K3 4ML C/100 (AB);17.004,00;PRIORIDADE;TUBO;IMP000030-AB MEDICAL;AB MEDICAL;22/06/2026;(vazio);12/06/2026;(vazio);(vazio);(vazio);;#REF!;#REF!;0;0;#REF!;#REF!;#REF!;#REF!
EM PRODUÇÃO;50219;TUBO VERM SILIC 9ML C/100 (AB);4.008,00;CRÍTICO;TUBO;IMP000030-AB MEDICAL;AB MEDICAL;22/06/2026;(vazio);12/06/2026;(vazio);(vazio);(vazio);;#REF!;#REF!;0;0;#REF!;#REF!;#REF!;#REF!
EM PRODUÇÃO;50220;TUBO VERM SILIC 4ML C/100 (AB);5.004,00;ESTÁVEL;TUBO;IMP000030-AB MEDICAL;AB MEDICAL;22/06/2026;(vazio);12/06/2026;(vazio);(vazio);(vazio);;#REF!;#REF!;118;0;#REF!;#REF!;#REF!;#REF!
EM PRODUÇÃO;50221;TUBO AMARELO GEL 8ML C/100 (AB);150;PRIORIDADE;TUBO;IMP000030-AB MEDICAL;AB MEDICAL;22/06/2026;(vazio);12/06/2026;(vazio);(vazio);(vazio);;#REF!;#REF!;0;0;#REF!;#REF!;#REF!;#REF!
PRONTO PARA EMBARQUE;9036;TIRAS PARA URINALISE C/150 (DF);4.000,00;CRÍTICO;ELETRODOS;IMP000017-DFI;DFI;22/06/2026;(vazio);12/06/2026;(vazio);(vazio);(vazio);;#REF!;#REF!;0;0;#REF!;#REF!;#REF!;#REF!
EM PRODUÇÃO;5019;ADAPTADOR P/ AGULHA A VACUO PADRAO (SW);30.000,00;ESTÁVEL;ADAPTADORES PARA TUBOS A VACUO;26.01-WEIGAO;WEIGAO;24/06/2026;(vazio);14/06/2026;(vazio);1;(vazio);;#REF!;#REF!;39800;0;#REF!;#REF!;#REF!;#REF!
EM PRODUÇÃO;5401;EQUIPO MACRO COMPLETO L2 PVC C/25 (SW);49.200,00;PRIORIDADE;EQUIPOS;26.01-WEIGAO;WEIGAO;24/06/2026;(vazio);14/06/2026;(vazio);3;(vazio);;#REF!;#REF!;0;0;#REF!;#REF!;#REF!;#REF!
EM PRODUÇÃO;5401;EQUIPO MACRO COMPLETO L2 PVC C/25 (SW);25.800,00;PRIORIDADE;EQUIPOS;26.01-WEIGAO;WEIGAO;24/06/2026;(vazio);14/06/2026;(vazio);2;(vazio);;#REF!;#REF!;0;0;#REF!;#REF!;#REF!;#REF!
EM PRODUÇÃO;5404B;EQUIPO MICRO COMPLETO L6 GC C/25 (SW);6.000,00;CRÍTICO;EQUIPOS;26.01-WEIGAO;WEIGAO;24/06/2026;(vazio);14/06/2026;(vazio);2;(vazio);;#REF!;#REF!;0;0;#REF!;#REF!;#REF!;#REF!
EM PRODUÇÃO;374;TORNEIRA 3 VIAS LOCK C/TRAV C/50 SOLIDOR;10.000,00;ESTÁVEL;TORNEIRAS;IMP000026-BIOMED;BIOMED;25/06/2026;(vazio);15/06/2026;(vazio);(vazio);(vazio);;#REF!;#REF!;11873;0;#REF!;#REF!;#REF!;#REF!
EM PRODUÇÃO;375;TORNEIRA 3 VIAS SLIP S/TRAV C/50 SOLIDOR;5.000,00;ESTÁVEL;TORNEIRAS;IMP000026-BIOMED;BIOMED;25/06/2026;(vazio);15/06/2026;(vazio);(vazio);(vazio);;#REF!;#REF!;1792;0;#REF!;#REF!;#REF!;#REF!
EM PRODUÇÃO;378;SERINGA HIP S/AG SLIP 5ML C/100 PROCARE;12.510,00;ESTÁVEL;SERINGAS CONVENCIONAIS;IMP000026-BIOMED;BIOMED;25/06/2026;(vazio);15/06/2026;(vazio);(vazio);(vazio);;#REF!;#REF!;1002;0;#REF!;#REF!;#REF!;#REF!
EM PRODUÇÃO;379;SERINGA HIP S/AG SLIP 10ML C/100 PROCARE;11.508,00;ESTÁVEL;SERINGAS CONVENCIONAIS;IMP000026-BIOMED;BIOMED;25/06/2026;(vazio);15/06/2026;(vazio);(vazio);(vazio);;#REF!;#REF!;113;0;#REF!;#REF!;#REF!;#REF!
EM PRODUÇÃO;404;SERINGA HIP LUER LOCK 5ML C/100 PROCARE;10.000,00;PRIORIDADE;HOSPITALAR;IMP000026-BIOMED;BIOMED;25/06/2026;(vazio);15/06/2026;(vazio);(vazio);(vazio);;#REF!;#REF!;600;0;#REF!;#REF!;#REF!;#REF!
EM PRODUÇÃO;4737;TAMPA LUER C/ MEMBRANA C/250 (BM);1.500,00;ESTÁVEL;TAMPA PARA CONECTOR;IMP000026-BIOMED;BIOMED;25/06/2026;(vazio);15/06/2026;(vazio);(vazio);(vazio);;#REF!;#REF!;1855;0;#REF!;#REF!;#REF!;#REF!
PRONTO PARA EMBARQUE;5468;ELETRODO (ECG) SOLIDOR;12.240,00;ESTÁVEL;ELETRODOS;IMP00003-MEDICO ELEC;MEDICO ELECTRODES;25/06/2026;(vazio);15/06/2026;(vazio);(vazio);(vazio);;#REF!;#REF!;17786;0;#REF!;#REF!;#REF!;#REF!
PRONTO PARA EMBARQUE;5469;CATETER INTRA FEP 14G C/100;1.200,00;ESTÁVEL;CATETERES SIMPLES;IMP00005-VITROMED;POLYMED;25/06/2026;(vazio);15/06/2026;(vazio);1;(vazio);;#REF!;#REF!;1948;0;#REF!;#REF!;#REF!;#REF!
PRONTO PARA EMBARQUE;5470;CATETER INTRA FEP 16G C/100;4.000,00;ESTÁVEL;CATETERES SIMPLES;IMP00005-VITROMED;POLYMED;25/06/2026;(vazio);15/06/2026;(vazio);1;(vazio);;#REF!;#REF!;1959;0;#REF!;#REF!;#REF!;#REF!
PRONTO PARA EMBARQUE;5471;CATETER INTRA FEP 18G C/100;2.000,00;ESTÁVEL;CATETERES SIMPLES;IMP00005-VITROMED;POLYMED;25/06/2026;IMP00005-VITROMED;15/06/2026;(vazio);1;(vazio);;#REF!;#REF!;2377;0;#REF!;#REF!;#REF!;#REF!
PRONTO PARA EMBARQUE;5471;CATETER INTRA FEP 18G C/100;5.000,00;ESTÁVEL;CATETERES SIMPLES;IMP00006-VITROMED;POLYMED;25/06/2026;(vazio);15/06/2026;(vazio);(vazio);(vazio);;#REF!;#REF!;2377;0;#REF!;#REF!;#REF!;#REF!
PRONTO PARA EMBARQUE;5473;CATETER INTRA FEP 22G C/100;4.100,00;ESTÁVEL;CATETERES SIMPLES;IMP00005-VITROMED;POLYMED;25/06/2026;(vazio);15/06/2026;(vazio);1;(vazio);;#REF!;#REF!;20848;0;#REF!;#REF!;#REF!;#REF!
PRONTO PARA EMBARQUE;5473;CATETER INTRA FEP 22G C/100;5.400,00;ESTÁVEL;CATETERES SIMPLES;IMP00006-VITROMED;POLYMED;25/06/2026;(vazio);15/06/2026;(vazio);(vazio);(vazio);;#REF!;#REF!;20848;0;#REF!;#REF!;#REF!;#REF!
PRONTO PARA EMBARQUE;5474;CATETER INTRA FEP 24G C/100;7.000,00;ESTÁVEL;CATETERES SIMPLES;IMP00005-VITROMED;POLYMED;25/06/2026;(vazio);15/06/2026;(vazio);1;(vazio);;#REF!;#REF!;16072;0;#REF!;#REF!;#REF!;#REF!
PRONTO PARA EMBARQUE;5474;CATETER INTRA FEP 24G C/100;8.000,00;ESTÁVEL;CATETERES SIMPLES;IMP00006-VITROMED;POLYMED;25/06/2026;(vazio);15/06/2026;(vazio);(vazio);(vazio);;#REF!;#REF!;16072;0;#REF!;#REF!;#REF!;#REF!
PRONTO PARA EMBARQUE;5477;CATETER INTRA FEP 26 C/100;3.000,00;ESTÁVEL;CATETERES SIMPLES;IMP00005-VITROMED;POLYMED;25/06/2026;(vazio);15/06/2026;(vazio);1;(vazio);;#REF!;#REF!;377;0;#REF!;#REF!;#REF!;#REF!
PRONTO PARA EMBARQUE;5477;CATETER INTRA FEP 26 C/100;3.000,00;ESTÁVEL;CATETERES SIMPLES;IMP00006-VITROMED;POLYMED;25/06/2026;(vazio);15/06/2026;(vazio);(vazio);(vazio);;#REF!;#REF!;377;0;#REF!;#REF!;#REF!;#REF!
PRONTO PARA EMBARQUE;3940;CATETER INTRA PUR SEG 20G C/100 (PM);1.000,00;ESTÁVEL;CATETERES SIMPLES;IMP00022-POLYMED;POLYMED;26/06/2026;(vazio);16/06/2026;(vazio);(vazio);(vazio);;#REF!;#REF!;3967;0;#REF!;#REF!;#REF!;#REF!
PRONTO PARA EMBARQUE;3941;CATETER INTRA PUR SEG 22G C/100 (PM);5.000,00;ESTÁVEL;CATETERES SIMPLES;IMP00022-POLYMED;POLYMED;26/06/2026;(vazio);16/06/2026;(vazio);(vazio);(vazio);;#REF!;#REF!;373;0;#REF!;#REF!;#REF!;#REF!
PRONTO PARA EMBARQUE;3942;CATETER INTRA PUR SEG 24G C/100 (PM);5.000,00;PRIORIDADE;CATETERES SIMPLES;IMP00022-POLYMED;POLYMED;26/06/2026;(vazio);16/06/2026;(vazio);(vazio);(vazio);;#REF!;#REF!;174;0;#REF!;#REF!;#REF!;#REF!
PRONTO PARA EMBARQUE;4950;BOLSA COL URINA S/F 2000 ML;468;ESTÁVEL;BOLSA DE URINA;IMP00022-POLYMED;POLYMED;26/06/2026;(vazio);16/06/2026;(vazio);(vazio);(vazio);;#REF!;#REF!;142548;0;#REF!;#REF!;#REF!;#REF!
EM PRODUÇÃO;86003;ALCOOL SWAB SACHE C/100 (PH);182.000,00;ESTÁVEL;SACHES;IMP000023;PHOENIX;29/06/2026;(vazio);19/06/2026;(vazio);1;(vazio);;#REF!;#REF!;20680;0;#REF!;#REF!;#REF!;#REF!
EM PRODUÇÃO;86003;ALCOOL SWAB SACHE C/100 (PH);182.000,00;ESTÁVEL;SACHES;IMP000024;PHOENIX;29/06/2026;(vazio);19/06/2026;(vazio);1;(vazio);;#REF!;#REF!;20680;0;#REF!;#REF!;#REF!;#REF!
EM PRODUÇÃO;440;TUBO ENDO ARAMADO 7.0 C/BAL C/10 SOL(BO);1.000,00;ESTÁVEL;TUBO ENDOTRAQUEAL ARAMADO;26.04-MFE-2;MEDICO IND.;04/07/2026;(vazio);24/06/2026;(vazio);(vazio);(vazio);;#REF!;#REF!;1489;0;#REF!;#REF!;#REF!;#REF!
EM PRODUÇÃO;441;TUBO ENDO ARAMADO 7.5 C/BAL C/10 SOL(BO);1.400,00;ESTÁVEL;TUBO ENDOTRAQUEAL ARAMADO;26.04-MFE-2;MEDICO IND.;04/07/2026;(vazio);24/06/2026;(vazio);(vazio);(vazio);;#REF!;#REF!;1166;0;#REF!;#REF!;#REF!;#REF!
EM PRODUÇÃO;445;TUBO TRAQUEOSTOMIA 7.0C/B C/10 SOLI (BO);500;PRIORIDADE;TUBO DE TRAQUEOSCOMIA;26.04-MFE-2;MEDICO IND.;04/07/2026;(vazio);24/06/2026;(vazio);(vazio);(vazio);;#REF!;#REF!;0;0;#REF!;#REF!;#REF!;#REF!
EM PRODUÇÃO;446;TUBO TRAQUEOSTOMIA 7.5C/B C/10 SOLI (BO);300;ESTÁVEL;TUBO DE TRAQUEOSCOMIA;26.04-MFE-2;MEDICO IND.;04/07/2026;(vazio);24/06/2026;(vazio);(vazio);(vazio);;#REF!;#REF!;262;0;#REF!;#REF!;#REF!;#REF!
EM PRODUÇÃO;447;TUBO TRAQUEOSTOMIA 8.0C/B C/10 SOLI (BO);400;ESTÁVEL;TUBO DE TRAQUEOSCOMIA;26.04-MFE-2;MEDICO IND.;04/07/2026;(vazio);24/06/2026;(vazio);(vazio);(vazio);;#REF!;#REF!;780;0;#REF!;#REF!;#REF!;#REF!
EM PRODUÇÃO;607;SONDA URETRAL ALIV. 6FR C/10 SOLIDOR(BO);5.040,00;ESTÁVEL;SONDAS DE ALIVIO;26.04-MFE-2;MEDICO IND.;04/07/2026;(vazio);24/06/2026;(vazio);(vazio);(vazio);;#REF!;#REF!;2116;0;#REF!;#REF!;#REF!;#REF!
EM PRODUÇÃO;608;SONDA URETRAL ALIV. 8FR C/10 SOLIDOR(BO);6.030,00;ESTÁVEL;SONDAS DE ALIVIO;26.04-MFE-2;MEDICO IND.;04/07/2026;(vazio);24/06/2026;(vazio);(vazio);(vazio);;#REF!;#REF!;417;0;#REF!;#REF!;#REF!;#REF!
EM PRODUÇÃO;609;SONDA URETRAL ALIV. 10FR C/10 SOLIDOR(BO;10.000,00;ESTÁVEL;SONDAS DE ALIVIO;26.04-MFE-2;MEDICO IND.;04/07/2026;(vazio);24/06/2026;(vazio);(vazio);(vazio);;#REF!;#REF!;0;0;#REF!;#REF!;#REF!;#REF!
EM PRODUÇÃO;610;SONDA URETRAL ALIV. 12FR C/10 SOLIDOR(BO;50.000,00;PRIORIDADE;SONDAS DE ALIVIO;26.04-MFE-2;MEDICO IND.;04/07/2026;(vazio);24/06/2026;(vazio);(vazio);(vazio);;#REF!;#REF!;440;0;#REF!;#REF!;#REF!;#REF!
EM PRODUÇÃO;611;SONDA URETRAL ALIV. 14FR C/10 SOLIDOR(BO;12.040,00;ESTÁVEL;SONDAS DE ALIVIO;26.04-MFE-2;MEDICO IND.;04/07/2026;(vazio);24/06/2026;(vazio);(vazio);(vazio);;#REF!;#REF!;240;0;#REF!;#REF!;#REF!;#REF!
EM PRODUÇÃO;612;SONDA URETRAL ALIV. 16FR C/10 SOLIDOR(BO;5.040,00;ESTÁVEL;SONDAS DE ALIVIO;26.04-MFE-2;MEDICO IND.;04/07/2026;(vazio);24/06/2026;(vazio);(vazio);(vazio);;#REF!;#REF!;0;0;#REF!;#REF!;#REF!;#REF!
EM PRODUÇÃO;639;TUBO ENDOTRAQ. 3.0 C/B C/10 SOLIDOR (BO);2.500,00;ESTÁVEL;TUBO ENDOTRAQUEAL;26.04-MFE-2;MEDICO IND.;04/07/2026;(vazio);24/06/2026;(vazio);(vazio);(vazio);;#REF!;#REF!;3736;0;#REF!;#REF!;#REF!;#REF!
EM PRODUÇÃO;640;TUBO ENDOTRAQ. 3.5 C/B C/10 SOLIDOR (BO);2.500,00;ESTÁVEL;TUBO ENDOTRAQUEAL;26.04-MFE-2;MEDICO IND.;04/07/2026;(vazio);24/06/2026;(vazio);(vazio);(vazio);;#REF!;#REF!;1865;0;#REF!;#REF!;#REF!;#REF!
EM PRODUÇÃO;641;TUBO ENDOTRAQ. 4.0 C/B C/10 SOLIDOR (BO);3.000,00;ESTÁVEL;TUBO ENDOTRAQUEAL;26.04-MFE-2;MEDICO IND.;04/07/2026;(vazio);24/06/2026;(vazio);(vazio);(vazio);;#REF!;#REF!;1628;0;#REF!;#REF!;#REF!;#REF!
EM PRODUÇÃO;642;TUBO ENDOTRAQ. 4.5 C/B C/10 SOLIDOR (BO);1.500,00;ESTÁVEL;TUBO ENDOTRAQUEAL;26.04-MFE-2;MEDICO IND.;04/07/2026;(vazio);24/06/2026;(vazio);(vazio);(vazio);;#REF!;#REF!;1870;0;#REF!;#REF!;#REF!;#REF!
EM PRODUÇÃO;643;TUBO ENDOTRAQ. 5.0 C/B C/10 SOLIDOR (BO);1.500,00;ESTÁVEL;TUBO ENDOTRAQUEAL;26.04-MFE-2;MEDICO IND.;04/07/2026;(vazio);24/06/2026;(vazio);(vazio);(vazio);;#REF!;#REF!;2884;0;#REF!;#REF!;#REF!;#REF!
EM PRODUÇÃO;650;TUBO ENDOTRAQ. 8.5 C/B C/10 SOLIDOR (BO);1.200,00;ESTÁVEL;TUBO ENDOTRAQUEAL;26.04-MFE-2;MEDICO IND.;04/07/2026;(vazio);24/06/2026;(vazio);(vazio);(vazio);;#REF!;#REF!;2293;0;#REF!;#REF!;#REF!;#REF!
EM PRODUÇÃO;651;TUBO ENDOTRAQ. 9.0 C/B C/10 SOLIDOR (BO);1.000,00;ESTÁVEL;TUBO ENDOTRAQUEAL;26.04-MFE-2;MEDICO IND.;04/07/2026;(vazio);24/06/2026;(vazio);(vazio);(vazio);;#REF!;#REF!;708;0;#REF!;#REF!;#REF!;#REF!
EM PRODUÇÃO;653;TUBO ENDOTRAQ. 10 C/B C/10 SOLIDOR (BO);200;ESTÁVEL;TUBO ENDOTRAQUEAL;26.04-MFE-2;MEDICO IND.;04/07/2026;(vazio);24/06/2026;(vazio);(vazio);(vazio);;#REF!;#REF!;113;0;#REF!;#REF!;#REF!;#REF!
EM PRODUÇÃO;654;TUBO ENDOTRAQ. 2.0 S/B C/10 SOLIDOR (BO);500;ESTÁVEL;TUBO ENDOTRAQUEAL;26.04-MFE-2;MEDICO IND.;04/07/2026;(vazio);24/06/2026;(vazio);(vazio);(vazio);;#REF!;#REF!;184;0;#REF!;#REF!;#REF!;#REF!
EM PRODUÇÃO;655;TUBO ENDOTRAQ. 2.5 S/B C/10 SOLIDOR (BO);1.000,00;ESTÁVEL;TUBO ENDOTRAQUEAL;26.04-MFE-2;MEDICO IND.;04/07/2026;(vazio);24/06/2026;(vazio);(vazio);(vazio);;#REF!;#REF!;1054;0;#REF!;#REF!;#REF!;#REF!
EM PRODUÇÃO;656;TUBO ENDOTRAQ. 3.0 S/B C/10 SOLIDOR (BO);1.500,00;ESTÁVEL;TUBO ENDOTRAQUEAL;26.04-MFE-2;MEDICO IND.;04/07/2026;(vazio);24/06/2026;(vazio);(vazio);(vazio);;#REF!;#REF!;1677;0;#REF!;#REF!;#REF!;#REF!
EM PRODUÇÃO;658;TUBO ENDOTRAQ. 4.0 S/B C/10 SOLIDOR (BO);400;ESTÁVEL;TUBO ENDOTRAQUEAL;26.04-MFE-2;MEDICO IND.;04/07/2026;(vazio);24/06/2026;(vazio);(vazio);(vazio);;#REF!;#REF!;1193;0;#REF!;#REF!;#REF!;#REF!
EM PRODUÇÃO;660;TUBO ENDOTRAQ. 5.0 S/B C/10 SOLIDOR (BO);300;ESTÁVEL;TUBO ENDOTRAQUEAL;26.04-MFE-2;MEDICO IND.;04/07/2026;(vazio);24/06/2026;(vazio);(vazio);(vazio);;#REF!;#REF!;504;0;#REF!;#REF!;#REF!;#REF!
EM PRODUÇÃO;664;TUBO ENDOTRAQ. 7.0 S/B C/10 SOLIDOR (BO);350;ESTÁVEL;TUBO ENDOTRAQUEAL;26.04-MFE-2;MEDICO IND.;04/07/2026;(vazio);24/06/2026;(vazio);(vazio);(vazio);;#REF!;#REF!;18;0;#REF!;#REF!;#REF!;#REF!
EM PRODUÇÃO;694;MASCARA LARINGEA DESC. 3.0 SOLIDOR;250;ESTÁVEL;MASCARAS;26.04-MFE-2;MEDICO IND.;04/07/2026;(vazio);24/06/2026;(vazio);(vazio);(vazio);;#REF!;#REF!;533;0;#REF!;#REF!;#REF!;#REF!
EM PRODUÇÃO;695;MASCARA LARINGEA DESC. 4.0 SOLIDOR;400;ESTÁVEL;MASCARAS;26.04-MFE-2;MEDICO IND.;04/07/2026;(vazio);24/06/2026;(vazio);(vazio);(vazio);;#REF!;#REF!;894;0;#REF!;#REF!;#REF!;#REF!
EM PRODUÇÃO;901;MASCARA OXI PADRAO INF S/ EXT SOLID (BO);200;ESTÁVEL;MASCARAS;26.04-MFE-2;MEDICO IND.;04/07/2026;(vazio);24/06/2026;(vazio);(vazio);(vazio);;#REF!;#REF!;395;0;#REF!;#REF!;#REF!;#REF!
EM PRODUÇÃO;987;SONDA GASTRICA LEV 20FR C/20 SOLIDOR (BO;1.000,00;ESTÁVEL;SONDAS DE ALIVIO;26.04-MFE-2;MEDICO IND.;04/07/2026;(vazio);24/06/2026;(vazio);(vazio);(vazio);;#REF!;#REF!;68;0;#REF!;#REF!;#REF!;#REF!
EM PRODUÇÃO;78026;SONDA ASPIRACAO C/VAL 10FR C/10 SOLIDOR;6.000,00;ESTÁVEL;SONDAS FOLEY;26.04-MFE-2;MEDICO IND.;04/07/2026;(vazio);24/06/2026;(vazio);(vazio);(vazio);;#REF!;#REF!;2240;0;#REF!;#REF!;#REF!;#REF!
EM PRODUÇÃO;78027;SONDA ASPIRACAO C/VAL 12FR C/10 SOLIDOR;10.000,00;ESTÁVEL;SONDAS FOLEY;26.04-MFE-2;MEDICO IND.;04/07/2026;(vazio);24/06/2026;(vazio);(vazio);(vazio);;#REF!;#REF!;2770;0;#REF!;#REF!;#REF!;#REF!
EM PRODUÇÃO;78028;SONDA ASPIRACAO C/VAL 14FR C/10 SOLIDOR;10.000,00;ESTÁVEL;SONDAS FOLEY;26.04-MFE-2;MEDICO IND.;04/07/2026;(vazio);24/06/2026;(vazio);(vazio);(vazio);;#REF!;#REF!;6613;0;#REF!;#REF!;#REF!;#REF!
EM PRODUÇÃO;5469;CATETER INTRA FEP 14G C/100;1.000,00;CRÍTICO;CATETERES SIMPLES;IMP000064;POLYMED;06/07/2026;(vazio);26/06/2026;(vazio);(vazio);(vazio);;#REF!;#REF!;1948;0;#REF!;#REF!;#REF!;#REF!
EM PRODUÇÃO;5470;CATETER INTRA FEP 16G C/100;1.450,00;CRÍTICO;CATETERES SIMPLES;IMP000064;POLYMED;06/07/2026;(vazio);26/06/2026;(vazio);(vazio);(vazio);;#REF!;#REF!;1959;0;#REF!;#REF!;#REF!;#REF!
EM PRODUÇÃO;5471;CATETER INTRA FEP 18G C/100;1.300,00;CRÍTICO;CATETERES SIMPLES;IMP000064;POLYMED;06/07/2026;(vazio);26/06/2026;(vazio);(vazio);(vazio);;#REF!;#REF!;2377;0;#REF!;#REF!;#REF!;#REF!
EM PRODUÇÃO;5473;CATETER INTRA FEP 22G C/100;7.250,00;ESTÁVEL;CATETERES SIMPLES;IMP000064;POLYMED;06/07/2026;(vazio);26/06/2026;(vazio);(vazio);(vazio);;#REF!;#REF!;20848;0;#REF!;#REF!;#REF!;#REF!
EM PRODUÇÃO;5474;CATETER INTRA FEP 24G C/100;10.500,00;ESTÁVEL;CATETERES SIMPLES;IMP000064;POLYMED;06/07/2026;(vazio);26/06/2026;(vazio);(vazio);(vazio);;#REF!;#REF!;16072;0;#REF!;#REF!;#REF!;#REF!
ARTWORK;5234;FIO AGULHADO NYLON 4020 C/24 PROCARE;60.000,00;CRÍTICO;FIO AGULHADO;26.05-MGE;MEDICO IND.;07/07/2026;(vazio);29/06/2026;(vazio);(vazio);(vazio);;#REF!;#REF!;0;0;#REF!;#REF!;#REF!;#REF!
ARTWORK;5468;ELETRODO (ECG) SOLIDOR;12.240,00;ESTÁVEL;ELETRODOS;IMP000018-MEDICO ELEC;MEDICO ELECTRODES;07/07/2026;(vazio);27/06/2026;(vazio);(vazio);(vazio);;#REF!;#REF!;17786;0;#REF!;#REF!;#REF!;#REF!
EM PRODUÇÃO;341;AGULHA HIP 25X7 C/100 SOLIDOR;20.000,00;ESTÁVEL;AGULHAS HIPODERMICAS;26.03-MAGU-1;MEDICO IND.;07/07/2026;(vazio);29/06/2026;(vazio);(vazio);(vazio);;#REF!;#REF!;19947;0;#REF!;#REF!;#REF!;#REF!
EM PRODUÇÃO;342;AGULHA HIP 25X8 C/100 SOLIDOR;20.000,00;ESTÁVEL;AGULHAS HIPODERMICAS;26.03-MAGU-1;MEDICO IND.;07/07/2026;(vazio);29/06/2026;(vazio);(vazio);(vazio);;#REF!;#REF!;2328;0;#REF!;#REF!;#REF!;#REF!
EM PRODUÇÃO;343;AGULHA HIP 30X7 C/100 SOLIDOR;20.000,00;ESTÁVEL;AGULHAS HIPODERMICAS;26.03-MAGU-1;MEDICO IND.;07/07/2026;(vazio);29/06/2026;(vazio);(vazio);(vazio);;#REF!;#REF!;1112;0;#REF!;#REF!;#REF!;#REF!
EM PRODUÇÃO;345;AGULHA HIP 40X12 C/100 SOLIDOR;70.000,00;ESTÁVEL;AGULHAS HIPODERMICAS;26.03-MAGU-1;MEDICO IND.;07/07/2026;(vazio);29/06/2026;(vazio);(vazio);(vazio);;#REF!;#REF!;35714;0;#REF!;#REF!;#REF!;#REF!
EM PRODUÇÃO;366;AGULHA HIP 25X6 C/100 SOLIDOR;15.000,00;ESTÁVEL;AGULHAS HIPODERMICAS;26.03-MAGU-1;MEDICO IND.;07/07/2026;(vazio);29/06/2026;(vazio);(vazio);(vazio);;#REF!;#REF!;7824;0;#REF!;#REF!;#REF!;#REF!
ARTWORK;374;TORNEIRA 3 VIAS LOCK C/TRAV C/50 SOLIDOR;10.000,00;ESTÁVEL;TORNEIRAS;IMP000040-BIOMED;BIOMED;09/07/2026;(vazio);29/06/2026;(vazio);(vazio);(vazio);;#REF!;#REF!;11873;0;#REF!;#REF!;#REF!;#REF!
ARTWORK;375;TORNEIRA 3 VIAS SLIP S/TRAV C/50 SOLIDOR;5.000,00;ESTÁVEL;TORNEIRAS;IMP000040-BIOMED;BIOMED;09/07/2026;(vazio);29/06/2026;(vazio);(vazio);(vazio);;#REF!;#REF!;1792;0;#REF!;#REF!;#REF!;#REF!
ARTWORK;378;SERINGA HIP S/AG SLIP 5ML C/100 PROCARE;12.510,00;ESTÁVEL;SERINGAS CONVENCIONAIS;IMP000040-BIOMED;BIOMED;09/07/2026;(vazio);29/06/2026;(vazio);(vazio);(vazio);;#REF!;#REF!;1002;0;#REF!;#REF!;#REF!;#REF!
ARTWORK;379;SERINGA HIP S/AG SLIP 10ML C/100 PROCARE;11.508,00;ESTÁVEL;SERINGAS CONVENCIONAIS;IMP000040-BIOMED;BIOMED;09/07/2026;(vazio);29/06/2026;(vazio);(vazio);(vazio);;#REF!;#REF!;113;0;#REF!;#REF!;#REF!;#REF!
ARTWORK;404;SERINGA HIP LUER LOCK 5ML C/100 PROCARE;10.000,00;PRIORIDADE;HOSPITALAR;IMP000040-BIOMED;BIOMED;09/07/2026;(vazio);29/06/2026;(vazio);(vazio);(vazio);;#REF!;#REF!;600;0;#REF!;#REF!;#REF!;#REF!
ARTWORK;4737;TAMPA LUER C/ MEMBRANA C/250 (BM);1.500,00;ESTÁVEL;TAMPA PARA CONECTOR;IMP000040-BIOMED;BIOMED;09/07/2026;(vazio);29/06/2026;(vazio);(vazio);(vazio);;#REF!;#REF!;1855;0;#REF!;#REF!;#REF!;#REF!
EM PRODUÇÃO;5401;EQUIPO MACRO COMPLETO L2 PVC C/25 (SW);65.600,00;PRIORIDADE;EQUIPOS;IMP000027-WEIGAO;WEIGAO;09/07/2026;(vazio);29/06/2026;(vazio);(vazio);(vazio);;#REF!;#REF!;0;0;#REF!;#REF!;#REF!;#REF!
EM PRODUÇÃO;5401;EQUIPO MACRO COMPLETO L2 PVC C/25 (SW);131.200,00;PRIORIDADE;EQUIPOS;IMP000029-WEIGAO;WEIGAO;09/07/2026;(vazio);29/06/2026;(vazio);(vazio);(vazio);;#REF!;#REF!;0;0;#REF!;#REF!;#REF!;#REF!
EM PRODUÇÃO;60006;CURATIVO CURE AID COR DA PELE C/500 (PP);29.460,00;ESTÁVEL;CURATIVOS;IMP000016;PHARMAPLAST;09/07/2026;(vazio);29/06/2026;(vazio);(vazio);(vazio);;#REF!;#REF!;12888;0;#REF!;#REF!;#REF!;#REF!
EM PRODUÇÃO;60007;CURATIVO CURE AID INFANTIL C/500 (PP);3.600,00;ESTÁVEL;CURATIVOS;IMP000016;PHARMAPLAST;09/07/2026;(vazio);29/06/2026;(vazio);(vazio);(vazio);;#REF!;#REF!;3865;0;#REF!;#REF!;#REF!;#REF!
EM PRODUÇÃO;60011;ADESIVO PHARMAPORE 5X5,7CM PROCARE C/100;5.504,00;ESTÁVEL;CURATIVOS;IMP000016;PHARMAPLAST;09/07/2026;(vazio);29/06/2026;(vazio);(vazio);(vazio);;#REF!;#REF!;708;0;#REF!;#REF!;#REF!;#REF!
EM PRODUÇÃO;60019;ADESIVO PHARMAPORE 8.5X11.5PROCARE C/100;2.400,00;ESTÁVEL;CURATIVOS;IMP000016;PHARMAPLAST;09/07/2026;(vazio);29/06/2026;(vazio);(vazio);(vazio);;#REF!;#REF!;3380;0;#REF!;#REF!;#REF!;#REF!
ARTWORK;86003;ALCOOL SWAB SACHE C/100 (PH);364.000,00;ESTÁVEL;SACHES;IMP000041-PHOENIX;PHOENIX;16/07/2026;(vazio);06/07/2026;(vazio);2;(vazio);;#REF!;#REF!;20680;0;#REF!;#REF!;#REF!;#REF!
EM PRODUÇÃO;50214;TUBO AMARELO GEL 3,5ML C/100 (AB);17.280,00;ESTÁVEL;TUBO;IMP000030-AB MEDICAL;AB MEDICAL;16/07/2026;(vazio);06/07/2026;(vazio);(vazio);(vazio);;#REF!;#REF!;0;0;#REF!;#REF!;#REF!;#REF!
EM PRODUÇÃO;50215;TUBO AMARELO GEL 5ML C/100 (AB);6.750,00;ESTÁVEL;TUBO;IMP000030-AB MEDICAL;AB MEDICAL;16/07/2026;(vazio);06/07/2026;(vazio);(vazio);(vazio);;#REF!;#REF!;1034;0;#REF!;#REF!;#REF!;#REF!
EM PRODUÇÃO;50221;TUBO AMARELO GEL 8ML C/100 (AB);1.350,00;PRIORIDADE;TUBO;IMP000030-AB MEDICAL;AB MEDICAL;16/07/2026;(vazio);06/07/2026;(vazio);(vazio);(vazio);;#REF!;#REF!;0;0;#REF!;#REF!;#REF!;#REF!
EM PRODUÇÃO;5469;CATETER INTRA FEP 14G C/100;1.000,00;CRÍTICO;CATETERES SIMPLES;IMP000075;POLYMED;18/07/2026;(vazio);08/07/2026;(vazio);(vazio);(vazio);;#REF!;#REF!;1948;0;#REF!;#REF!;#REF!;#REF!
EM PRODUÇÃO;5470;CATETER INTRA FEP 16G C/100;1.350,00;CRÍTICO;CATETERES SIMPLES;IMP000075;POLYMED;18/07/2026;(vazio);08/07/2026;(vazio);(vazio);(vazio);;#REF!;#REF!;1959;0;#REF!;#REF!;#REF!;#REF!
EM PRODUÇÃO;5471;CATETER INTRA FEP 18G C/100;1.200,00;CRÍTICO;CATETERES SIMPLES;IMP000075;POLYMED;18/07/2026;(vazio);08/07/2026;(vazio);(vazio);(vazio);;#REF!;#REF!;2377;0;#REF!;#REF!;#REF!;#REF!
EM PRODUÇÃO;5473;CATETER INTRA FEP 22G C/100;7.100,00;ESTÁVEL;CATETERES SIMPLES;IMP000075;POLYMED;18/07/2026;(vazio);08/07/2026;(vazio);(vazio);(vazio);;#REF!;#REF!;20848;0;#REF!;#REF!;#REF!;#REF!
EM PRODUÇÃO;5474;CATETER INTRA FEP 24G C/100;10.500,00;ESTÁVEL;CATETERES SIMPLES;IMP000075;POLYMED;18/07/2026;(vazio);08/07/2026;(vazio);(vazio);(vazio);;#REF!;#REF!;16072;0;#REF!;#REF!;#REF!;#REF!
ARTWORK;11083;TUBO AZUL CITRATO 3.6 ML VDR C/100 (AO);504;ESTÁVEL;TUBOS VACUO DE VIDRO;IMP000035-MEDICO IND;MEDICO IND.;19/07/2026;(vazio);09/07/2026;(vazio);(vazio);(vazio);;#REF!;#REF!;142;0;#REF!;#REF!;#REF!;#REF!
ARTWORK;11085;TUBO AZUL CITRATO 3.6 ML VDR C/100 (AO);1.200,00;ESTÁVEL;TUBOS VACUO DE VIDRO;IMP000035-MEDICO IND;MEDICO IND.;19/07/2026;(vazio);09/07/2026;(vazio);(vazio);(vazio);;#REF!;#REF!;650;0;#REF!;#REF!;#REF!;#REF!
ARTWORK;11087;TUBO AMARELO GEL 5.0 ML VDR C/100 (AO);3.504,00;ESTÁVEL;TUBOS VACUO DE VIDRO;IMP000035-MEDICO IND;MEDICO IND.;19/07/2026;(vazio);09/07/2026;(vazio);(vazio);(vazio);;#REF!;#REF!;5703;0;#REF!;#REF!;#REF!;#REF!
ARTWORK;11093;TUBO VERM SILIC 10ML VDR C/100 (AO);504;ESTÁVEL;TUBOS VACUO DE VIDRO;IMP000035-MEDICO IND;MEDICO IND.;19/07/2026;(vazio);09/07/2026;(vazio);(vazio);(vazio);;#REF!;#REF!;389;0;#REF!;#REF!;#REF!;#REF!
EM PRODUÇÃO;4253;SCALP VACUO 21G C/100 (JH);22.400,00;ESTÁVEL;SCALPS A VACUO;26.01-HONGDA;HONGDA;19/07/2026;(vazio);09/07/2026;(vazio);(vazio);(vazio);;#REF!;#REF!;5202;0;#REF!;#REF!;#REF!;#REF!
EM PRODUÇÃO;4254;SCALP VACUO 23G C/100 (JH);21.900,00;ESTÁVEL;SCALPS A VACUO;26.01-HONGDA;HONGDA;19/07/2026;(vazio);09/07/2026;(vazio);(vazio);(vazio);;#REF!;#REF!;2873;0;#REF!;#REF!;#REF!;#REF!
EM PRODUÇÃO;4255;SCALP VACUO 25G C/100 (JH);2.500,00;PRIORIDADE;SCALPS A VACUO;26.01-HONGDA;HONGDA;19/07/2026;(vazio);09/07/2026;(vazio);(vazio);(vazio);;#REF!;#REF!;1;0;#REF!;#REF!;#REF!;#REF!
EM PRODUÇÃO;116;AGULHA SUTURA B 10 C/120 PROCARE;120;ESTÁVEL;AGULHAS PARA SUTURA;(vazio);MEDICO IND.;22/07/2026;(vazio);14/07/2026;(vazio);(vazio);(vazio);;#REF!;#REF!;92;0;#REF!;#REF!;#REF!;#REF!
EM PRODUÇÃO;118;AGULHA SUTURA B 12 C/120 PROCARE;48;CRÍTICO;AGULHAS PARA SUTURA;(vazio);MEDICO IND.;22/07/2026;(vazio);14/07/2026;(vazio);(vazio);(vazio);;#REF!;#REF!;0;0;#REF!;#REF!;#REF!;#REF!
EM PRODUÇÃO;143;AGULHA SUTURA G 12 C/120 PROCARE;48;ESTÁVEL;AGULHAS PARA SUTURA;(vazio);MEDICO IND.;22/07/2026;(vazio);14/07/2026;(vazio);(vazio);(vazio);;#REF!;#REF!;12;0;#REF!;#REF!;#REF!;#REF!
EM PRODUÇÃO;158;AGULHA SUTURA GR 10 C/120 PROCARE;48;CRÍTICO;AGULHAS PARA SUTURA;(vazio);MEDICO IND.;22/07/2026;(vazio);14/07/2026;(vazio);(vazio);(vazio);;#REF!;#REF!;0;0;#REF!;#REF!;#REF!;#REF!
EM PRODUÇÃO;160;AGULHA SUTURA GR 12 C/120 PROCARE;1.008,00;CRÍTICO;AGULHAS PARA SUTURA;(vazio);MEDICO IND.;22/07/2026;(vazio);14/07/2026;(vazio);(vazio);(vazio);;#REF!;#REF!;0;0;#REF!;#REF!;#REF!;#REF!
EM PRODUÇÃO;161;AGULHA SUTURA GR 13 C/120 PROCARE;504;ESTÁVEL;AGULHAS PARA SUTURA;(vazio);MEDICO IND.;22/07/2026;(vazio);14/07/2026;(vazio);(vazio);(vazio);;#REF!;#REF!;173;0;#REF!;#REF!;#REF!;#REF!
EM PRODUÇÃO;162;AGULHA SUTURA GR 14 C/120 PROCARE;816;ESTÁVEL;AGULHAS PARA SUTURA;(vazio);MEDICO IND.;22/07/2026;(vazio);14/07/2026;(vazio);(vazio);(vazio);;#REF!;#REF!;94;0;#REF!;#REF!;#REF!;#REF!
EM PRODUÇÃO;163;AGULHA SUTURA GR 15 C/120 PROCARE;504;ESTÁVEL;AGULHAS PARA SUTURA;(vazio);MEDICO IND.;22/07/2026;(vazio);14/07/2026;(vazio);(vazio);(vazio);;#REF!;#REF!;36;0;#REF!;#REF!;#REF!;#REF!
EM PRODUÇÃO;164;AGULHA SUTURA GR 16 C/120 PROCARE;504;ESTÁVEL;AGULHAS PARA SUTURA;(vazio);MEDICO IND.;22/07/2026;(vazio);14/07/2026;(vazio);(vazio);(vazio);;#REF!;#REF!;101;0;#REF!;#REF!;#REF!;#REF!
EM PRODUÇÃO;341;AGULHA HIP 25X7 C/100 SOLIDOR;20.000,00;ESTÁVEL;AGULHAS HIPODERMICAS;26.03-MAGU-2;MEDICO IND.;22/07/2026;(vazio);14/07/2026;(vazio);(vazio);(vazio);;#REF!;#REF!;19947;0;#REF!;#REF!;#REF!;#REF!
EM PRODUÇÃO;342;AGULHA HIP 25X8 C/100 SOLIDOR;20.000,00;ESTÁVEL;AGULHAS HIPODERMICAS;26.03-MAGU-2;MEDICO IND.;22/07/2026;(vazio);14/07/2026;(vazio);(vazio);(vazio);;#REF!;#REF!;2328;0;#REF!;#REF!;#REF!;#REF!
EM PRODUÇÃO;343;AGULHA HIP 30X7 C/100 SOLIDOR;15.000,00;ESTÁVEL;AGULHAS HIPODERMICAS;26.03-MAGU-2;MEDICO IND.;22/07/2026;(vazio);14/07/2026;(vazio);(vazio);(vazio);;#REF!;#REF!;1112;0;#REF!;#REF!;#REF!;#REF!
EM PRODUÇÃO;344;AGULHA HIP 30X8 C/100 SOLIDOR;30.000,00;PRIORIDADE;AGULHAS HIPODERMICAS;26.03-MAGU-2;MEDICO IND.;22/07/2026;(vazio);14/07/2026;(vazio);(vazio);(vazio);;#REF!;#REF!;500;0;#REF!;#REF!;#REF!;#REF!
EM PRODUÇÃO;345;AGULHA HIP 40X12 C/100 SOLIDOR;50.000,00;ESTÁVEL;AGULHAS HIPODERMICAS;26.03-MAGU-2;MEDICO IND.;22/07/2026;(vazio);14/07/2026;(vazio);(vazio);(vazio);;#REF!;#REF!;35714;0;#REF!;#REF!;#REF!;#REF!
EM PRODUÇÃO;346;AGULHA HIP 13X4,5 C/100 SOLIDOR;35.000,00;PRIORIDADE;AGULHAS HIPODERMICAS;26.03-MAGU-2;MEDICO IND.;22/07/2026;(vazio);14/07/2026;(vazio);(vazio);(vazio);;#REF!;#REF!;70;0;#REF!;#REF!;#REF!;#REF!
EM PRODUÇÃO;365;AGULHA HIP 20X5,5 C/100 SOLIDOR;40.000,00;PRIORIDADE;AGULHAS HIPODERMICAS;26.03-MAGU-2;MEDICO IND.;22/07/2026;(vazio);14/07/2026;(vazio);(vazio);(vazio);;#REF!;#REF!;419;0;#REF!;#REF!;#REF!;#REF!
EM PRODUÇÃO;3949;TUBO MINI 0.5ML SECO/ATIVADOR C/50 (IM);2.200,00;ESTÁVEL;MINITUBOS;26BR11101;IMPROVE;24/07/2026;(vazio);14/07/2026;(vazio);(vazio);(vazio);;#REF!;#REF!;2049;0;#REF!;#REF!;#REF!;#REF!
EM PRODUÇÃO;3950;TUBO MINI 0.5ML COM GEL C/50 (IM);3.000,00;ESTÁVEL;MINITUBOS;26BR11101;IMPROVE;24/07/2026;(vazio);14/07/2026;(vazio);(vazio);(vazio);;#REF!;#REF!;4408;0;#REF!;#REF!;#REF!;#REF!
EM PRODUÇÃO;3952;TUBO MINI 0.5ML EDTA K2 C/ 50 (IM);21.000,00;ESTÁVEL;MINITUBOS;26BR11101;IMPROVE;24/07/2026;(vazio);14/07/2026;(vazio);(vazio);(vazio);;#REF!;#REF!;10853;0;#REF!;#REF!;#REF!;#REF!
EM PRODUÇÃO;3953;TUBO MINI 0.5ML FLUOR DE SODIO C/50 (IM);1.000,00;ESTÁVEL;MINITUBOS;26BR11101;IMPROVE;24/07/2026;(vazio);14/07/2026;(vazio);(vazio);(vazio);;#REF!;#REF!;1338;0;#REF!;#REF!;#REF!;#REF!
EM PRODUÇÃO;50067;TUBO PRETO VHS 1,6ML VIDRO C/100 (IM);1.250,00;ESTÁVEL;TUBOS VACUO DE VIDRO;26BR11101;IMPROVE;24/07/2026;(vazio);14/07/2026;(vazio);(vazio);(vazio);;#REF!;#REF!;1178;0;#REF!;#REF!;#REF!;#REF!
ARTWORK;5468;ELETRODO (ECG) SOLIDOR;12.240,00;ESTÁVEL;ELETRODOS;IMP000019-MEDICO ELEC;MEDICO ELECTRODES;25/07/2026;(vazio);15/07/2026;(vazio);(vazio);(vazio);;#REF!;#REF!;17786;0;#REF!;#REF!;#REF!;#REF!
ARTWORK;4257;SCALP INFUSAO SEG 21G C/100 (ML);2.000,00;CRÍTICO;AGULHAS DE SEGURANCA;IMP000031;MEDLINE;26/07/2026;(vazio);16/07/2026;(vazio);(vazio);(vazio);;#REF!;#REF!;1081;0;#REF!;#REF!;#REF!;#REF!
ARTWORK;4258;SCALP INFUSAO SEG 23G C/100 (ML);3.500,00;CRÍTICO;AGULHAS DE SEGURANCA;IMP000031;MEDLINE;26/07/2026;(vazio);16/07/2026;(vazio);(vazio);(vazio);;#REF!;#REF!;1504;0;#REF!;#REF!;#REF!;#REF!
ARTWORK;4259;SCALP INFUSAO SEG 25G C/100 (ML);1.300,00;CRÍTICO;AGULHAS DE SEGURANCA;IMP000031;MEDLINE;26/07/2026;(vazio);16/07/2026;(vazio);(vazio);(vazio);;#REF!;#REF!;244;0;#REF!;#REF!;#REF!;#REF!
ARTWORK;4262;SCALP VACUO SEG 21G C/100 (ML);4.500,00;CRÍTICO;AGULHAS DE SEGURANCA;IMP000031;MEDLINE;26/07/2026;(vazio);16/07/2026;(vazio);(vazio);(vazio);;#REF!;#REF!;2886;0;#REF!;#REF!;#REF!;#REF!
ARTWORK;4263;SCALP VACUO SEG 23G C/100 (ML);15.000,00;CRÍTICO;SCALP;IMP000031;MEDLINE;26/07/2026;(vazio);16/07/2026;(vazio);(vazio);(vazio);;#REF!;#REF!;4757;0;#REF!;#REF!;#REF!;#REF!
ARTWORK;4264;SCALP VACUO SEG 25G C/100 (ML);4.000,00;CRÍTICO;AGULHAS DE SEGURANCA;IMP000031;MEDLINE;26/07/2026;(vazio);16/07/2026;(vazio);(vazio);(vazio);;#REF!;#REF!;800;0;#REF!;#REF!;#REF!;#REF!
ARTWORK;80197;AGULHA HIPODERMICA SEG 20X6 (ML);3.000,00;CRÍTICO;AGULHAS DE SEGURANCA;IMP000031;MEDLINE;26/07/2026;(vazio);16/07/2026;(vazio);(vazio);(vazio);;#REF!;#REF!;0;0;#REF!;#REF!;#REF!;#REF!
ARTWORK;80198;AGULHA HIPODERMICA SEG 30X8 C/100 LABOR;3.000,00;CRÍTICO;AGULHAS DE SEGURANCA;IMP000031;MEDLINE;26/07/2026;(vazio);16/07/2026;(vazio);(vazio);(vazio);;#REF!;#REF!;5169;0;#REF!;#REF!;#REF!;#REF!
ARTWORK;80199;AGULHA HIPODERMICA SEG 30X7 C/100 LABOR;5.000,00;CRÍTICO;AGULHAS DE SEGURANCA;IMP000031;MEDLINE;26/07/2026;(vazio);16/07/2026;(vazio);(vazio);(vazio);;#REF!;#REF!;1860;0;#REF!;#REF!;#REF!;#REF!
ARTWORK;80200;AGULHA HIPODERMICA SEG 13X4,5 C/100 LABOR;5.000,00;CRÍTICO;AGULHAS DE SEGURANCA;IMP000031;MEDLINE;26/07/2026;(vazio);16/07/2026;(vazio);(vazio);(vazio);;#REF!;#REF!;1237;0;#REF!;#REF!;#REF!;#REF!
ARTWORK;80201;AGULHA HIPODERMICA SEG 20X5,5 (ML);500;CRÍTICO;AGULHAS DE SEGURANCA;IMP000031;MEDLINE;26/07/2026;(vazio);16/07/2026;(vazio);(vazio);(vazio);;#REF!;#REF!;1482;0;#REF!;#REF!;#REF!;#REF!
ARTWORK;80203;AGULHA HIPODERMICA SEG 25X8 C/100 LABOR;2.000,00;CRÍTICO;AGULHAS DE SEGURANCA;IMP000031;MEDLINE;26/07/2026;(vazio);16/07/2026;(vazio);(vazio);(vazio);;#REF!;#REF!;2860;0;#REF!;#REF!;#REF!;#REF!
ARTWORK;80204;AGULHA HIPODERMICA SEG 40X12 C/100 LABOR;15.000,00;CRÍTICO;AGULHAS DE SEGURANCA;IMP000031;MEDLINE;26/07/2026;(vazio);16/07/2026;(vazio);(vazio);(vazio);;#REF!;#REF!;12572;0;#REF!;#REF!;#REF!;#REF!
EM PRODUÇÃO;484;BOLSA COL URINA S/F  C/100 SOLIDOR;500;CRÍTICO;BOLSA DE URINA;IMP000013-MEDLINE;MEDLINE;26/07/2026;(vazio);16/07/2026;(vazio);(vazio);(vazio);;#REF!;#REF!;0;0;#REF!;#REF!;#REF!;#REF!
EM PRODUÇÃO;485;BOLSA COL URINA C/F C/100 SOLIDOR;300;PRIORIDADE;BOLSA DE URINA;IMP000013-MEDLINE;MEDLINE;26/07/2026;(vazio);16/07/2026;(vazio);(vazio);(vazio);;#REF!;#REF!;0;0;#REF!;#REF!;#REF!;#REF!
EM PRODUÇÃO;AM80201;AGULHA HIPODERMICA SEG 20X5,5 (ML);31;CRÍTICO;AGULHAS DE SEGURANCA;IMP000014-MEDLINE-SAMPLES;MEDLINE;26/07/2026;(vazio);16/07/2026;(vazio);(vazio);(vazio);;#REF!;#REF!;0;0;#REF!;#REF!;#REF!;#REF!
EM PRODUÇÃO;5470;CATETER INTRA FEP 16G C/100;1.350,00;CRÍTICO;CATETERES SIMPLES;IMP000066;POLYMED;28/07/2026;(vazio);18/07/2026;(vazio);(vazio);(vazio);;#REF!;#REF!;1959;0;#REF!;#REF!;#REF!;#REF!
EM PRODUÇÃO;5471;CATETER INTRA FEP 18G C/100;1.200,00;CRÍTICO;CATETERES SIMPLES;IMP000066;POLYMED;28/07/2026;(vazio);18/07/2026;(vazio);(vazio);(vazio);;#REF!;#REF!;2377;0;#REF!;#REF!;#REF!;#REF!
EM PRODUÇÃO;5473;CATETER INTRA FEP 22G C/100;7.250,00;ESTÁVEL;CATETERES SIMPLES;IMP000066;POLYMED;28/07/2026;(vazio);18/07/2026;(vazio);(vazio);(vazio);;#REF!;#REF!;20848;0;#REF!;#REF!;#REF!;#REF!
EM PRODUÇÃO;5474;CATETER INTRA FEP 24G C/100;11.500,00;ESTÁVEL;CATETERES SIMPLES;IMP000066;POLYMED;28/07/2026;(vazio);18/07/2026;(vazio);(vazio);(vazio);;#REF!;#REF!;16072;0;#REF!;#REF!;#REF!;#REF!
ARTWORK;396;SERINGA INS 1ML 13X0,33 C/100 SOLIDOR;3.000,00;PRIORIDADE;SERINGAS CONVENCIONAIS;IMP000034-MEDICO IND;MEDICO IND.;29/07/2026;(vazio);19/07/2026;(vazio);(vazio);(vazio);;#REF!;#REF!;0;0;#REF!;#REF!;#REF!;#REF!
ARTWORK;408;SERINGA INS 1ML 13X0,33 C/100 SOLIDOR;10.000,00;PRIORIDADE;SERINGAS CONVENCIONAIS;IMP000034-MEDICO IND;MEDICO IND.;29/07/2026;(vazio);19/07/2026;(vazio);(vazio);(vazio);;#REF!;#REF!;0;0;#REF!;#REF!;#REF!;#REF!
ARTWORK;453;SERINGA INS 1ML 8X0,30 C/100 SOLIDOR;20.000,00;PRIORIDADE;SERINGAS CONVENCIONAIS;IMP000034-MEDICO IND;MEDICO IND.;29/07/2026;(vazio);19/07/2026;(vazio);(vazio);(vazio);;#REF!;#REF!;0;0;#REF!;#REF!;#REF!;#REF!
ARTWORK;7446;AGULHA LEBEL 30GX4X0,30 C/100 PROBEAUTY;4.000,00;ESTÁVEL;AGULHAS ANESTESICA;IMP000034-MEDICO IND;MEDICO IND.;29/07/2026;(vazio);19/07/2026;(vazio);(vazio);(vazio);;#REF!;#REF!;2400;0;#REF!;#REF!;#REF!;#REF!
ARTWORK;7448;AGULHA LEBEL 32GX4X0,23 C/100 PROBEAUTY;4.500,00;ESTÁVEL;AGULHAS ANESTESICA;IMP000034-MEDICO IND;MEDICO IND.;29/07/2026;(vazio);19/07/2026;(vazio);(vazio);(vazio);;#REF!;#REF!;3656;0;#REF!;#REF!;#REF!;#REF!
EM PRODUÇÃO;4253;SCALP VACUO 21G C/100 (JH);16.300,00;ESTÁVEL;SCALPS A VACUO;IMP000028-HONGDA;HONGDA;29/07/2026;(vazio);19/07/2026;(vazio);(vazio);(vazio);;#REF!;#REF!;5202;0;#REF!;#REF!;#REF!;#REF!
EM PRODUÇÃO;4254;SCALP VACUO 23G C/100 (JH);16.300,00;ESTÁVEL;SCALPS A VACUO;IMP000028-HONGDA;HONGDA;29/07/2026;(vazio);19/07/2026;(vazio);(vazio);(vazio);;#REF!;#REF!;2873;0;#REF!;#REF!;#REF!;#REF!
EM PRODUÇÃO;7008;AGULHA CANETA INSUL C/100 31GH;500;ESTÁVEL;AGULHAS;IMP000028-HONGDA;HONGDA;29/07/2026;(vazio);19/07/2026;(vazio);(vazio);(vazio);;#REF!;#REF!;475;0;#REF!;#REF!;#REF!;#REF!
ARTWORK;455;EQUIPO MICRO BURETA DESC C/100 SOLIDOR;2.000,00;ESTÁVEL;EQUIPOS;IMP000065;MEDICO IND.;01/08/2026;(vazio);24/07/2026;(vazio);(vazio);(vazio);;#REF!;#REF!;1937;0;#REF!;#REF!;#REF!;#REF!
ARTWORK;487;EQUIPO TRANSF SANGUE CAM2 C/100;3.000,00;ESTÁVEL;EQUIPOS;IMP000065;MEDICO IND.;01/08/2026;(vazio);24/07/2026;(vazio);(vazio);(vazio);;#REF!;#REF!;5471;0;#REF!;#REF!;#REF!;#REF!
ARTWORK;4950;BOLSA COL URINA S/F 2000 ML;140.040,00;ESTÁVEL;BOLSA DE URINA;IMP000062;POLYMED;03/08/2026;(vazio);24/07/2026;(vazio);(vazio);(vazio);;#REF!;#REF!;142548;0;#REF!;#REF!;#REF!;#REF!
ARTWORK;4951;BOLSA COL URINA S/F C/COL 2000ML;280.080,00;PRIORIDADE;BOLSA DE URINA;IMP000062;POLYMED;03/08/2026;(vazio);24/07/2026;(vazio);(vazio);(vazio);;#REF!;#REF!;88935;0;#REF!;#REF!;#REF!;#REF!
ARTWORK;455;EQUIPO MICRO BURETA DESC C/100 SOLIDOR;2.000,00;ESTÁVEL;EQUIPOS;26.03MEQ-1;MEDICO IND.;07/08/2026;(vazio);30/07/2026;(vazio);(vazio);(vazio);;#REF!;#REF!;1937;0;#REF!;#REF!;#REF!;#REF!
ARTWORK;487;EQUIPO TRANSF SANGUE CAM2 C/100;3.000,00;ESTÁVEL;EQUIPOS;26.03MEQ-1;MEDICO IND.;07/08/2026;(vazio);30/07/2026;(vazio);(vazio);(vazio);;#REF!;#REF!;5471;0;#REF!;#REF!;#REF!;#REF!
ARTWORK;267;CANULA NASAL ADU T/O C/EXT C/100 SOLIDOR;3.000,00;ESTÁVEL;CANULAS NASAIS DE OXIGENIO;26.06MGE;MEDICO IND.;08/08/2026;(vazio);29/07/2026;(vazio);(vazio);(vazio);;#REF!;#REF!;3421;0;#REF!;#REF!;#REF!;#REF!
ARTWORK;268;ESFIGMOMANOMETRO AZUL METAL SOLIDOR;1.500,00;ESTÁVEL;MEDIDOR DE PRESSAO;26.06MGE;MEDICO IND.;08/08/2026;(vazio);29/07/2026;(vazio);(vazio);(vazio);;#REF!;#REF!;1785;0;#REF!;#REF!;#REF!;#REF!
ARTWORK;289;BRACADEIRA AP DE PRESSAO VELCRO SOLIDOR;1.600,00;ESTÁVEL;OUTROS EQUIPAMENTOS;26.06MGE;MEDICO IND.;08/08/2026;(vazio);29/07/2026;(vazio);(vazio);(vazio);;#REF!;#REF!;2480;0;#REF!;#REF!;#REF!;#REF!
ARTWORK;291;MANGUITO P/ APARELHO DE PRESSAO SOLIDOR;400;ESTÁVEL;OUTROS EQUIPAMENTOS;26.06MGE;MEDICO IND.;08/08/2026;(vazio);29/07/2026;(vazio);(vazio);(vazio);;#REF!;#REF!;946;0;#REF!;#REF!;#REF!;#REF!
ARTWORK;292;VALVULA APARELHO DE PRESSAO SOLIDOR;2.000,00;ESTÁVEL;OUTROS EQUIPAMENTOS;26.06MGE;MEDICO IND.;08/08/2026;(vazio);29/07/2026;(vazio);(vazio);(vazio);;#REF!;#REF!;409;0;#REF!;#REF!;#REF!;#REF!
ARTWORK;308;MANOMETRO SOLIDOR;2.500,00;ESTÁVEL;MEDIDOR DE PRESSAO;26.06MGE;MEDICO IND.;08/08/2026;(vazio);29/07/2026;(vazio);(vazio);(vazio);;#REF!;#REF!;356;0;#REF!;#REF!;#REF!;#REF!
ARTWORK;490;FIO POLIPROP 1/2 0 AG40 C/24 PROCARE;800;ESTÁVEL;(vazio);26.06MGE;MEDICO IND.;08/08/2026;(vazio);29/07/2026;(vazio);(vazio);(vazio);;#REF!;#REF!;362;0;#REF!;#REF!;#REF!;#REF!
ARTWORK;558;KIT ESFIGMOMANOMETRO VELCRO SOLIDOR;5.000,00;CRÍTICO;MEDIDOR DE PRESSAO;26.06MGE;MEDICO IND.;08/08/2026;(vazio);29/07/2026;(vazio);(vazio);(vazio);;#REF!;#REF!;0;0;#REF!;#REF!;#REF!;#REF!
ARTWORK;560;KIT METAL ESFIGMOMANOMETRO SOLIDOR;3.000,00;ESTÁVEL;MEDIDOR DE PRESSAO;26.06MGE;MEDICO IND.;08/08/2026;(vazio);29/07/2026;(vazio);(vazio);(vazio);;#REF!;#REF!;1946;0;#REF!;#REF!;#REF!;#REF!
ARTWORK;589;ESTETOSCOPIO HN SIMPLES-PRETO SOLIDOR;1.500,00;ESTÁVEL;MEDIDOR DE PRESSAO;26.06MGE;MEDICO IND.;08/08/2026;(vazio);29/07/2026;(vazio);(vazio);(vazio);;#REF!;#REF!;1366;0;#REF!;#REF!;#REF!;#REF!
ARTWORK;590;ESTETOSCOPIO HN DUPLO-PRETO SOLIDOR;1.500,00;ESTÁVEL;MEDIDOR DE PRESSAO;26.06MGE;MEDICO IND.;08/08/2026;(vazio);29/07/2026;(vazio);(vazio);(vazio);;#REF!;#REF!;1240;0;#REF!;#REF!;#REF!;#REF!
ARTWORK;591;KIT ESTETOSCOPIO VELCRO SIMPLES SOLIDOR;5.000,00;CRÍTICO;MEDIDOR DE PRESSAO;26.06MGE;MEDICO IND.;08/08/2026;(vazio);29/07/2026;(vazio);(vazio);(vazio);;#REF!;#REF!;0;0;#REF!;#REF!;#REF!;#REF!
ARTWORK;592;KIT ESTETOSCOPIO METAL SIMPLES SOLIDOR;3.000,00;ESTÁVEL;MEDIDOR DE PRESSAO;26.06MGE;MEDICO IND.;08/08/2026;(vazio);29/07/2026;(vazio);(vazio);(vazio);;#REF!;#REF!;1946;0;#REF!;#REF!;#REF!;#REF!
ARTWORK;721;ESFIGMOMANOMETRO PRETO VELCRO SOLIDOR;1.500,00;PRIORIDADE;MEDIDOR DE PRESSAO;26.06MGE;MEDICO IND.;08/08/2026;(vazio);29/07/2026;(vazio);(vazio);(vazio);;#REF!;#REF!;0;0;#REF!;#REF!;#REF!;#REF!
ARTWORK;1072;ESTETOSCOPIO HN DUPLO AZUL SOLIDOR;1.500,00;ESTÁVEL;MEDIDOR DE PRESSAO;26.06MGE;MEDICO IND.;08/08/2026;(vazio);29/07/2026;(vazio);(vazio);(vazio);;#REF!;#REF!;1965;0;#REF!;#REF!;#REF!;#REF!
ARTWORK;5231;FIO NYLON 3/8 3.0 AG20 C/24 PROCARE - D;30.000,00;ESTÁVEL;FIO AGULHADO;26.06MGE;MEDICO IND.;08/08/2026;(vazio);29/07/2026;(vazio);(vazio);(vazio);;#REF!;#REF!;37570;0;#REF!;#REF!;#REF!;#REF!
ARTWORK;5232;FIO AGULHADO NYLON 3025 C/24 PROCARE;4.000,00;ESTÁVEL;FIO AGULHADO;26.06MGE;MEDICO IND.;08/08/2026;(vazio);29/07/2026;(vazio);(vazio);(vazio);;#REF!;#REF!;4000;0;#REF!;#REF!;#REF!;#REF!
ARTWORK;5235;FIO AGULHADO NYLON 4025 C/24 PROCARE;6.000,00;ESTÁVEL;FIO AGULHADO;26.06MGE;MEDICO IND.;08/08/2026;(vazio);29/07/2026;(vazio);(vazio);(vazio);;#REF!;#REF!;6000;0;#REF!;#REF!;#REF!;#REF!
ARTWORK;5236;(vazio);5.000,00;CRÍTICO;(vazio);26.06MGE;MEDICO IND.;08/08/2026;(vazio);29/07/2026;(vazio);(vazio);(vazio);;#REF!;#REF!;0;0;#REF!;#REF!;#REF!;#REF!
ARTWORK;5237;FIO AGULHADO NYLON 5015 C/24 PROCARE;4.000,00;ESTÁVEL;(vazio);26.06MGE;MEDICO IND.;08/08/2026;(vazio);29/07/2026;(vazio);(vazio);(vazio);;#REF!;#REF!;1520;0;#REF!;#REF!;#REF!;#REF!
ARTWORK;5239;FIO AGULHADO NYLON 5025 C/24 PROCARE;2.000,00;ESTÁVEL;FIO AGULHADO;26.06MGE;MEDICO IND.;08/08/2026;(vazio);29/07/2026;(vazio);(vazio);(vazio);;#REF!;#REF!;2000;0;#REF!;#REF!;#REF!;#REF!
ARTWORK;5244;(vazio);320;CRÍTICO;(vazio);26.06MGE;MEDICO IND.;08/08/2026;(vazio);29/07/2026;(vazio);(vazio);(vazio);;;#REF!;0;0;#REF!;#REF!;#REF!;#REF!
ARTWORK;5249;FIO AGULHADO NYLON 130 C/24 PROCARE;1.520,00;ESTÁVEL;FIO AGULHADO;26.06MGE;MEDICO IND.;08/08/2026;(vazio);29/07/2026;(vazio);(vazio);(vazio);;;#REF!;800;0;#REF!;#REF!;#REF!;#REF!
ARTWORK;5415;FIO NYLON 1/2 3.0 AG20 C/24 PROCARE;3.000,00;ESTÁVEL;FIO AGULHADO;26.06MGE;MEDICO IND.;08/08/2026;(vazio);29/07/2026;(vazio);(vazio);(vazio);;;#REF!;310;0;#REF!;#REF!;#REF!;#REF!
ARTWORK;5416;FIO NYLON 1/2 3.0 AG25 C/24 PROCARE;200;ESTÁVEL;FIO AGULHADO;26.06MGE;MEDICO IND.;08/08/2026;(vazio);29/07/2026;(vazio);(vazio);(vazio);;;#REF!;332;0;#REF!;#REF!;#REF!;#REF!
ARTWORK;5421;FIO NYLON 1/2 5.0 AG15 C/24 PROCARE;520;ESTÁVEL;FIO AGULHADO;26.06MGE;MEDICO IND.;08/08/2026;(vazio);29/07/2026;(vazio);(vazio);(vazio);;;#REF!;355;0;#REF!;#REF!;#REF!;#REF!
ARTWORK;3801;ESCOVA CERVICAL C/100 (SW);6.000,00;ESTÁVEL;ESCOVAS;IMP000072-WEIGAO;WEIGAO;12/08/2026;(vazio);02/08/2026;(vazio);(vazio);(vazio);;;#REF!;723;0;#REF!;#REF!;#REF!;#REF!
ARTWORK;3802;ESCOVA CERVICAL ESTERIL C/100 (SW);6.000,00;CRÍTICO;ESCOVAS;IMP000072-WEIGAO;WEIGAO;12/08/2026;(vazio);02/08/2026;(vazio);(vazio);(vazio);;;#REF!;45;0;#REF!;#REF!;#REF!;#REF!
ARTWORK;5019;ADAPTADOR P/ AGULHA A VACUO PADRAO (SW);120.000,00;ESTÁVEL;ADAPTADORES PARA TUBOS A VACUO;IMP000072-WEIGAO;WEIGAO;12/08/2026;(vazio);02/08/2026;(vazio);(vazio);(vazio);;;#REF!;39800;0;#REF!;#REF!;#REF!;#REF!
ARTWORK;86003;ALCOOL SWAB SACHE C/100 (PH);364.000,00;ESTÁVEL;SACHES;IMP000042-PHOENIX;PHOENIX;13/08/2026;(vazio);03/08/2026;(vazio);2;(vazio);;;#REF!;20680;0;#REF!;#REF!;#REF!;#REF!
ARTWORK;5468;ELETRODO (ECG) SOLIDOR;12.240,00;ESTÁVEL;ELETRODOS;IMP000045-MEDICO ELEC;MEDICO ELECTRODES;15/08/2026;(vazio);05/08/2026;(vazio);(vazio);(vazio);;;#REF!;17786;0;#REF!;#REF!;#REF!;#REF!
ARTWORK;345;AGULHA HIP 40X12 C/100 SOLIDOR;24.000,00;ESTÁVEL;AGULHAS HIPODERMICAS;26.03MEQ-2;MEDICO IND.;17/08/2026;(vazio);09/08/2026;(vazio);(vazio);(vazio);;;#REF!;35714;0;#REF!;#REF!;#REF!;#REF!
ARTWORK;582;EQUIPO MACRO FOTOSSENSIVEL C/100 LAMEDID;1.300,00;ESTÁVEL;EQUIPOS;26.03MEQ-2;MEDICO IND.;17/08/2026;(vazio);09/08/2026;(vazio);(vazio);(vazio);;;#REF!;974;0;#REF!;#REF!;#REF!;#REF!
ARTWORK;5401;EQUIPO MACRO COMPLETO L2 PVC C/25 (SW);65.600,00;PRIORIDADE;EQUIPOS;IMP000047-WEIGAO;WEIGAO;21/08/2026;(vazio);11/08/2026;(vazio);2;(vazio);;;#REF!;0;0;#REF!;#REF!;#REF!;#REF!
ARTWORK;8007;EQUIPO MACRO COMPLETO L2 PVC C/25 (SW);16.400,00;ESTÁVEL;EQUIPOS;IMP000053-WEIGAO;WEIGAO;21/08/2026;(vazio);11/08/2026;(vazio);2;(vazio);;;#REF!;5944;0;#REF!;#REF!;#REF!;#REF!
ARTWORK;4902;COLETOR INFANTIL UNISSEX EST C/100 (SW);8.000,00;ESTÁVEL;BOLSA DE URINA;IMP000071-WEIGAO;WEIGAO;22/08/2026;(vazio);12/08/2026;(vazio);(vazio);(vazio);;;#REF!;12527;0;#REF!;#REF!;#REF!;#REF!
ARTWORK;5019;ADAPTADOR P/ AGULHA A VACUO PADRAO (SW);120.000,00;ESTÁVEL;ADAPTADORES PARA TUBOS A VACUO;IMP000071-WEIGAO;WEIGAO;22/08/2026;(vazio);12/08/2026;(vazio);(vazio);(vazio);;;#REF!;39800;0;#REF!;#REF!;#REF!;#REF!
ARTWORK;50039;AGULHA A VACUO 25X8 C/100 (SW);35.000,00;ESTÁVEL;AGULHAS A VACUO;IMP000071-WEIGAO;WEIGAO;22/08/2026;(vazio);12/08/2026;(vazio);(vazio);(vazio);;;#REF!;11419;0;#REF!;#REF!;#REF!;#REF!
ARTWORK;50040;AGULHA A VACUO 25X7 C/100 (SW);20.000,00;ESTÁVEL;AGULHAS A VACUO;IMP000071-WEIGAO;WEIGAO;22/08/2026;(vazio);12/08/2026;(vazio);(vazio);(vazio);;;#REF!;11173;0;#REF!;#REF!;#REF!;#REF!
ARTWORK;79;SCALP INFUSAO 19G LOCK PVC C/100 SOLIDOR;3.500,00;ESTÁVEL;EQUIPOS;26.03-MEQ-3;MEDICO IND.;23/08/2026;(vazio);15/08/2026;(vazio);(vazio);(vazio);;;#REF!;1924;0;#REF!;#REF!;#REF!;#REF!
ARTWORK;80;SCALP INFUSAO 21G LOCK PVC C/100 SOLIDOR;20.000,00;ESTÁVEL;EQUIPOS;26.03-MEQ-3;MEDICO IND.;23/08/2026;(vazio);15/08/2026;(vazio);(vazio);(vazio);;;#REF!;11358;0;#REF!;#REF!;#REF!;#REF!
ARTWORK;81;SCALP INFUSAO 23G LOCK PVC C/100 SOLIDOR;16.000,00;ESTÁVEL;EQUIPOS;26.03-MEQ-3;MEDICO IND.;23/08/2026;(vazio);15/08/2026;(vazio);(vazio);(vazio);;;#REF!;0;0;#REF!;#REF!;#REF!;#REF!
ARTWORK;82;SCALP INFUSAO 25G LOCK PVC C/100 SOLIDOR;10.000,00;ESTÁVEL;EQUIPOS;26.03-MEQ-3;MEDICO IND.;23/08/2026;(vazio);15/08/2026;(vazio);(vazio);(vazio);;;#REF!;4976;0;#REF!;#REF!;#REF!;#REF!
ARTWORK;83;SCALP INFUSAO 27G LOCK PVC C/100 SOLIDOR;2.000,00;ESTÁVEL;EQUIPOS;26.03-MEQ-3;MEDICO IND.;23/08/2026;(vazio);15/08/2026;(vazio);(vazio);(vazio);;;#REF!;1323;0;#REF!;#REF!;#REF!;#REF!
ARTWORK;85;SCALP INFUSAO 21G LOCK PVC C/100 SOLIDOR;800;ESTÁVEL;EQUIPOS;26.03-MEQ-3;MEDICO IND.;23/08/2026;(vazio);15/08/2026;(vazio);(vazio);(vazio);;;#REF!;190;0;#REF!;#REF!;#REF!;#REF!
ARTWORK;86;SCALP INFUSAO 23G LOCK PVC C/100 SOLIDOR;1.000,00;ESTÁVEL;EQUIPOS;26.03-MEQ-3;MEDICO IND.;23/08/2026;(vazio);15/08/2026;(vazio);(vazio);(vazio);;;#REF!;3100;0;#REF!;#REF!;#REF!;#REF!
ARTWORK;487;EQUIPO TRANSF SANGUE CAM2 C/100;3.000,00;ESTÁVEL;EQUIPOS;26.03-MEQ-3;MEDICO IND.;23/08/2026;(vazio);15/08/2026;(vazio);(vazio);(vazio);;;#REF!;5471;0;#REF!;#REF!;#REF!;#REF!
ARTWORK;5468;ELETRODO (ECG) SOLIDOR;12.240,00;ESTÁVEL;ELETRODOS;IMP000020-MEDICO ELEC;MEDICO ELECTRODES;25/08/2026;(vazio);15/08/2026;(vazio);(vazio);(vazio);;;#REF!;17786;0;#REF!;#REF!;#REF!;#REF!
ARTWORK;5401;EQUIPO MACRO COMPLETO L2 PVC C/25 (SW);65.600,00;PRIORIDADE;EQUIPOS;IMP000048-WEIGAO;WEIGAO;04/09/2026;(vazio);25/08/2026;(vazio);2;(vazio);;;#REF!;0;0;#REF!;#REF!;#REF!;#REF!
ARTWORK;8007;EQUIPO MACRO COMPLETO L2 PVC C/25 (SW);16.400,00;ESTÁVEL;EQUIPOS;IMP000054-WEIGAO;WEIGAO;04/09/2026;(vazio);25/08/2026;(vazio);2;(vazio);;;#REF!;5944;0;#REF!;#REF!;#REF!;#REF!
ARTWORK;304;AGULHA PERI TUOHY 18GX3,5 C/25 PROCARE;1.500,00;ESTÁVEL;AGULHAS ANESTESICA;IMP000067-SHANGHAI;SHANGHAI;08/09/2026;(vazio);29/08/2026;(vazio);3;1;;;#REF!;887;0;#REF!;#REF!;#REF!;#REF!
ARTWORK;305;AGULHA PERI TUOHY 18GX3,5 C/25 PROCARE;1.000,00;ESTÁVEL;AGULHAS ANESTESICA;IMP000067-SHANGHAI;SHANGHAI;08/09/2026;(vazio);29/08/2026;(vazio);3;1;;;#REF!;437;0;#REF!;#REF!;#REF!;#REF!
ARTWORK;306;AGULHA PERI TUOHY 18GX3,5 C/25 PROCARE;1.000,00;ESTÁVEL;AGULHAS ANESTESICA;IMP000067-SHANGHAI;SHANGHAI;08/09/2026;(vazio);29/08/2026;(vazio);3;1;;;#REF!;1397;0;#REF!;#REF!;#REF!;#REF!
ARTWORK;322;AGULHA PERI TUOHY 18GX3,5 C/25 PROCARE;12.000,00;PRIORIDADE;AGULHAS ANESTESICA;IMP000067-SHANGHAI;SHANGHAI;08/09/2026;(vazio);29/08/2026;(vazio);3;1;;;#REF!;110;0;#REF!;#REF!;#REF!;#REF!
ARTWORK;323;AGULHA PERI TUOHY 18GX3,5 C/25 PROCARE;10.000,00;ESTÁVEL;AGULHAS ANESTESICA;IMP000067-SHANGHAI;SHANGHAI;08/09/2026;(vazio);29/08/2026;(vazio);3;1;;;#REF!;1019;0;#REF!;#REF!;#REF!;#REF!
ARTWORK;324;AGULHA PERI TUOHY 18GX3,5 C/25 PROCARE;8.000,00;ESTÁVEL;AGULHAS ANESTESICA;IMP000067-SHANGHAI;SHANGHAI;08/09/2026;(vazio);29/08/2026;(vazio);3;1;;;#REF!;715;0;#REF!;#REF!;#REF!;#REF!
ARTWORK;325;AGULHA PERI TUOHY 18GX3,5 C/25 PROCARE;6.000,00;ESTÁVEL;AGULHAS ANESTESICA;IMP000067-SHANGHAI;SHANGHAI;08/09/2026;(vazio);29/08/2026;(vazio);3;1;;;#REF!;109;0;#REF!;#REF!;#REF!;#REF!
ARTWORK;725;AGULHA PERI TUOHY 18GX3,5 C/25 PROCARE;100;ESTÁVEL;AGULHAS ANESTESICA;IMP000067-SHANGHAI;SHANGHAI;08/09/2026;(vazio);29/08/2026;(vazio);3;1;;;#REF!;141;0;#REF!;#REF!;#REF!;#REF!
ARTWORK;86003;ALCOOL SWAB SACHE C/100 (PH);364.000,00;ESTÁVEL;SACHES;IMP000043-PHOENIX;PHOENIX;11/09/2026;(vazio);01/09/2026;(vazio);2;(vazio);;;#REF!;20680;0;#REF!;#REF!;#REF!;#REF!
ARTWORK;670;LAMINA BISTURI INOX 11 C/100 LAMEDID;1.000,00;ESTÁVEL;LAMINAS DE BISTURI;IMP000038-MEDICO IND;MEDICO IND.;14/09/2026;(vazio);06/09/2026;(vazio);(vazio);(vazio);;;#REF!;2096;0;#REF!;#REF!;#REF!;#REF!
ARTWORK;677;LAMINA BISTURI INOX 23 C/100 LAMEDID;250;CRÍTICO;LAMINAS DE BISTURI;IMP000038-MEDICO IND;MEDICO IND.;14/09/2026;(vazio);06/09/2026;(vazio);(vazio);(vazio);;;#REF!;0;0;#REF!;#REF!;#REF!;#REF!
ARTWORK;678;(vazio);250;ESTÁVEL;LAMINAS DE BISTURI;IMP000038-MEDICO IND;MEDICO IND.;14/09/2026;(vazio);06/09/2026;(vazio);(vazio);(vazio);;;#REF!;410;0;#REF!;#REF!;#REF!;#REF!
ARTWORK;679;LAMINA BISTURI CARBONO 10 C/100 SOLIDOR;800;ESTÁVEL;LAMINAS DE BISTURI;IMP000038-MEDICO IND;MEDICO IND.;14/09/2026;(vazio);06/09/2026;(vazio);(vazio);(vazio);;#REF!;#REF!;566;0;#REF!;#REF!;#REF!;#REF!
ARTWORK;680;LAMINA BISTURI CARBONO 11 C/100 SOLIDOR;2.500,00;ESTÁVEL;LAMINAS DE BISTURI;IMP000038-MEDICO IND;MEDICO IND.;14/09/2026;(vazio);06/09/2026;(vazio);(vazio);(vazio);;;#REF!;6092;0;#REF!;#REF!;#REF!;#REF!
ARTWORK;681;LAMINA BISTURI CARBONO 12 C/100 SOLIDOR;2.500,00;ESTÁVEL;LAMINAS DE BISTURI;IMP000038-MEDICO IND;MEDICO IND.;14/09/2026;(vazio);06/09/2026;(vazio);(vazio);(vazio);;;#REF!;6792;0;#REF!;#REF!;#REF!;#REF!
ARTWORK;682;LAMINA BISTURI CARBONO 15 C/100 SOLIDOR;5.000,00;ESTÁVEL;LAMINAS DE BISTURI;IMP000038-MEDICO IND;MEDICO IND.;14/09/2026;(vazio);06/09/2026;(vazio);(vazio);(vazio);;;#REF!;16907;0;#REF!;#REF!;#REF!;#REF!
ARTWORK;683;LAMINA BISTURI CARBONO 15C C/100 SOLIDOR;4.000,00;ESTÁVEL;LAMINAS DE BISTURI;IMP000038-MEDICO IND;MEDICO IND.;14/09/2026;(vazio);06/09/2026;(vazio);(vazio);(vazio);;;#REF!;12475;0;#REF!;#REF!;#REF!;#REF!
ARTWORK;684;(vazio);500;ESTÁVEL;LAMINAS DE BISTURI;IMP000038-MEDICO IND;MEDICO IND.;14/09/2026;(vazio);06/09/2026;(vazio);(vazio);(vazio);;;#REF!;1183;0;#REF!;#REF!;#REF!;#REF!
ARTWORK;685;LAMINA BISTURI CARBONO 21 C/100 SOLIDOR;400;ESTÁVEL;LAMINAS DE BISTURI;IMP000038-MEDICO IND;MEDICO IND.;14/09/2026;(vazio);06/09/2026;(vazio);(vazio);(vazio);;;#REF!;132;0;#REF!;#REF!;#REF!;#REF!
ARTWORK;686;LAMINA BISTURI CARBONO 22 C/100 SOLIDOR;750;ESTÁVEL;LAMINAS DE BISTURI;IMP000038-MEDICO IND;MEDICO IND.;14/09/2026;(vazio);06/09/2026;(vazio);(vazio);(vazio);;;#REF!;637;0;#REF!;#REF!;#REF!;#REF!
ARTWORK;687;LAMINA BISTURI CARBONO 23 C/100 SOLIDOR;3.000,00;ESTÁVEL;LAMINAS DE BISTURI;IMP000038-MEDICO IND;MEDICO IND.;14/09/2026;(vazio);06/09/2026;(vazio);(vazio);(vazio);;;#REF!;95;0;#REF!;#REF!;#REF!;#REF!
ARTWORK;688;LAMINA BISTURI CARBONO 24 C/100 SOLIDOR;3.000,00;ESTÁVEL;LAMINAS DE BISTURI;IMP000038-MEDICO IND;MEDICO IND.;14/09/2026;(vazio);06/09/2026;(vazio);(vazio);(vazio);;;#REF!;1458;0;#REF!;#REF!;#REF!;#REF!
EM PRODUÇÃO;670;LAMINA BISTURI INOX 11 C/100 LAMEDID;1.000,00;ESTÁVEL;LAMINAS DE BISTURI;26.07MGE-2;MEDICO IND.;14/09/2026;(vazio);06/09/2026;(vazio);(vazio);(vazio);;;#REF!;2096;0;#REF!;#REF!;#REF!;#REF!
EM PRODUÇÃO;677;LAMINA BISTURI INOX 23 C/100 LAMEDID;250;CRÍTICO;LAMINAS DE BISTURI;26.07MGE-2;MEDICO IND.;14/09/2026;(vazio);06/09/2026;(vazio);(vazio);(vazio);;;#REF!;0;0;#REF!;#REF!;#REF!;#REF!
EM PRODUÇÃO;678;LAMINA BISTURI 24 INOX LAMEDID;250;ESTÁVEL;LAMINAS DE BISTURI;26.07MGE-2;MEDICO IND.;14/09/2026;(vazio);06/09/2026;(vazio);(vazio);(vazio);;;#REF!;410;0;#REF!;#REF!;#REF!;#REF!
EM PRODUÇÃO;679;LAMINA BISTURI CARBONO 10 C/100 SOLIDOR;800;ESTÁVEL;LAMINAS DE BISTURI;26.07MGE-2;MEDICO IND.;14/09/2026;(vazio);06/09/2026;(vazio);(vazio);(vazio);;;#REF!;566;0;#REF!;#REF!;#REF!;#REF!
EM PRODUÇÃO;680;LAMINA BISTURI CARBONO 11 C/100 SOLIDOR;2.500,00;ESTÁVEL;LAMINAS DE BISTURI;26.07MGE-2;MEDICO IND.;14/09/2026;(vazio);06/09/2026;(vazio);(vazio);(vazio);;;#REF!;6092;0;#REF!;#REF!;#REF!;#REF!
EM PRODUÇÃO;681;LAMINA BISTURI CARBONO 12 C/100 SOLIDOR;2.500,00;ESTÁVEL;LAMINAS DE BISTURI;26.07MGE-2;MEDICO IND.;14/09/2026;(vazio);06/09/2026;(vazio);(vazio);(vazio);;;#REF!;6792;0;#REF!;#REF!;#REF!;#REF!
EM PRODUÇÃO;682;LAMINA BISTURI CARBONO 15 C/100 SOLIDOR;5.000,00;ESTÁVEL;LAMINAS DE BISTURI;26.07MGE-2;MEDICO IND.;14/09/2026;(vazio);06/09/2026;(vazio);(vazio);(vazio);;;#REF!;16907;0;#REF!;#REF!;#REF!;#REF!
EM PRODUÇÃO;683;LAMINA BISTURI CARBONO 15C C/100 SOLIDOR;4.000,00;ESTÁVEL;LAMINAS DE BISTURI;26.07MGE-2;MEDICO IND.;14/09/2026;(vazio);06/09/2026;(vazio);(vazio);(vazio);;;#REF!;12475;0;#REF!;#REF!;#REF!;#REF!
EM PRODUÇÃO;684;LAMINA BISTURI 20 CARBONO SOLIDOR;500;ESTÁVEL;LAMINAS DE BISTURI;26.07MGE-2;MEDICO IND.;14/09/2026;(vazio);06/09/2026;(vazio);(vazio);(vazio);;;#REF!;1183;0;#REF!;#REF!;#REF!;#REF!
EM PRODUÇÃO;685;LAMINA BISTURI CARBONO 21 C/100 SOLIDOR;400;ESTÁVEL;LAMINAS DE BISTURI;26.07MGE-2;MEDICO IND.;14/09/2026;(vazio);06/09/2026;(vazio);(vazio);(vazio);;;#REF!;132;0;#REF!;#REF!;#REF!;#REF!
EM PRODUÇÃO;686;LAMINA BISTURI CARBONO 22 C/100 SOLIDOR;750;ESTÁVEL;LAMINAS DE BISTURI;26.07MGE-2;MEDICO IND.;14/09/2026;(vazio);06/09/2026;(vazio);(vazio);(vazio);;;#REF!;637;0;#REF!;#REF!;#REF!;#REF!
EM PRODUÇÃO;687;LAMINA BISTURI CARBONO 23 C/100 SOLIDOR;3.000,00;ESTÁVEL;LAMINAS DE BISTURI;26.07MGE-2;MEDICO IND.;14/09/2026;(vazio);06/09/2026;(vazio);(vazio);(vazio);;;#REF!;95;0;#REF!;#REF!;#REF!;#REF!
EM PRODUÇÃO;688;LAMINA BISTURI CARBONO 24 C/100 SOLIDOR;3.000,00;ESTÁVEL;LAMINAS DE BISTURI;26.07MGE-2;MEDICO IND.;14/09/2026;(vazio);06/09/2026;(vazio);(vazio);(vazio);;;#REF!;1458;0;#REF!;#REF!;#REF!;#REF!
ARTWORK;341;AGULHA HIP 25X7 C/100 SOLIDOR;10.000,00;ESTÁVEL;AGULHAS HIPODERMICAS;26.05-MAGU-1;MEDICO IND.;18/09/2026;(vazio);08/09/2026;(vazio);(vazio);(vazio);;;#REF!;19947;0;#REF!;#REF!;#REF!;#REF!
ARTWORK;345;AGULHA HIP 40X12 C/100 SOLIDOR;76.000,00;ESTÁVEL;AGULHAS HIPODERMICAS;26.05-MAGU-1;MEDICO IND.;18/09/2026;(vazio);08/09/2026;(vazio);(vazio);(vazio);;;#REF!;35714;0;#REF!;#REF!;#REF!;#REF!
ARTWORK;346;AGULHA HIP 13X4,5 C/100 SOLIDOR;70.000,00;PRIORIDADE;AGULHAS HIPODERMICAS;26.05-MAGU-1;MEDICO IND.;18/09/2026;(vazio);08/09/2026;(vazio);(vazio);(vazio);;;#REF!;70;0;#REF!;#REF!;#REF!;#REF!
ARTWORK;365;AGULHA HIP 20X5,5 C/100 SOLIDOR;50.000,00;PRIORIDADE;AGULHAS HIPODERMICAS;26.05-MAGU-1;MEDICO IND.;18/09/2026;(vazio);08/09/2026;(vazio);(vazio);(vazio);;;#REF!;419;0;#REF!;#REF!;#REF!;#REF!
ARTWORK;366;AGULHA HIP 25X6 C/100 SOLIDOR;12.000,00;ESTÁVEL;AGULHAS HIPODERMICAS;26.05-MAGU-1;MEDICO IND.;18/09/2026;(vazio);08/09/2026;(vazio);(vazio);(vazio);;;#REF!;7824;0;#REF!;#REF!;#REF!;#REF!
ARTWORK;5401;EQUIPO MACRO COMPLETO L2 PVC C/25 (SW);65.600,00;PRIORIDADE;EQUIPOS;IMP000049-WEIGAO;WEIGAO;21/09/2026;(vazio);11/09/2026;(vazio);2;(vazio);;;#REF!;0;0;#REF!;#REF!;#REF!;#REF!
ARTWORK;8007;EQUIPO MACRO COMPLETO L2 PVC C/25 (SW);16.400,00;ESTÁVEL;EQUIPOS;IMP000055-WEIGAO;WEIGAO;21/09/2026;(vazio);11/09/2026;(vazio);2;(vazio);;;#REF!;5944;0;#REF!;#REF!;#REF!;#REF!
ARTWORK;438;(vazio);150;ESTÁVEL;(vazio);IMP000036-MEDICO IND;MEDICO IND.;23/09/2026;(vazio);13/09/2026;(vazio);(vazio);(vazio);;;#REF!;153;0;#REF!;#REF!;#REF!;#REF!
ARTWORK;442;TUBO ENDO ARAMADO 8.0 C/BAL C/10 SOL(BO);500;ESTÁVEL;TUBO ENDOTRAQUEAL ARAMADO;IMP000036-MEDICO IND;MEDICO IND.;23/09/2026;(vazio);13/09/2026;(vazio);(vazio);(vazio);;;#REF!;610;0;#REF!;#REF!;#REF!;#REF!
ARTWORK;607;SONDA URETRAL ALIV. 6FR C/10 SOLIDOR(BO);5.040,00;ESTÁVEL;SONDAS DE ALIVIO;IMP000036-MEDICO IND;MEDICO IND.;23/09/2026;(vazio);13/09/2026;(vazio);(vazio);(vazio);;;#REF!;2116;0;#REF!;#REF!;#REF!;#REF!
ARTWORK;608;SONDA URETRAL ALIV. 8FR C/10 SOLIDOR(BO);10.080,00;ESTÁVEL;SONDAS DE ALIVIO;IMP000036-MEDICO IND;MEDICO IND.;23/09/2026;(vazio);13/09/2026;(vazio);(vazio);(vazio);;;#REF!;417;0;#REF!;#REF!;#REF!;#REF!
ARTWORK;609;SONDA URETRAL ALIV. 10FR C/10 SOLIDOR(BO;15.040,00;ESTÁVEL;SONDAS DE ALIVIO;IMP000036-MEDICO IND;MEDICO IND.;23/09/2026;(vazio);13/09/2026;(vazio);(vazio);(vazio);;;#REF!;0;0;#REF!;#REF!;#REF!;#REF!
ARTWORK;610;SONDA URETRAL ALIV. 12FR C/10 SOLIDOR(BO;130.000,00;PRIORIDADE;SONDAS DE ALIVIO;IMP000036-MEDICO IND;MEDICO IND.;23/09/2026;(vazio);13/09/2026;(vazio);(vazio);(vazio);;;#REF!;440;0;#REF!;#REF!;#REF!;#REF!
ARTWORK;612;SONDA URETRAL ALIV. 16FR C/10 SOLIDOR(BO;5.040,00;ESTÁVEL;SONDAS DE ALIVIO;IMP000036-MEDICO IND;MEDICO IND.;23/09/2026;(vazio);13/09/2026;(vazio);(vazio);(vazio);;;#REF!;0;0;#REF!;#REF!;#REF!;#REF!
ARTWORK;613;(vazio);5.040,00;ESTÁVEL;(vazio);IMP000036-MEDICO IND;MEDICO IND.;23/09/2026;(vazio);13/09/2026;(vazio);(vazio);(vazio);;;#REF!;1387;0;#REF!;#REF!;#REF!;#REF!
ARTWORK;690;MASCARA LARINGEA DESC. 1.0 SOLIDOR;100;ESTÁVEL;MASCARAS;IMP000036-MEDICO IND;MEDICO IND.;23/09/2026;(vazio);13/09/2026;(vazio);(vazio);(vazio);;;#REF!;45;0;#REF!;#REF!;#REF!;#REF!
ARTWORK;691;(vazio);100;PRIORIDADE;(vazio);IMP000036-MEDICO IND;MEDICO IND.;23/09/2026;(vazio);13/09/2026;(vazio);(vazio);(vazio);;;#REF!;0;0;#REF!;#REF!;#REF!;#REF!
ARTWORK;692;(vazio);100;PRIORIDADE;(vazio);IMP000036-MEDICO IND;MEDICO IND.;23/09/2026;(vazio);13/09/2026;(vazio);(vazio);(vazio);;;#REF!;0;0;#REF!;#REF!;#REF!;#REF!
ARTWORK;693;MASCARA LARINGEA DESC. 2.5 SOLIDOR;150;ESTÁVEL;MASCARAS;IMP000036-MEDICO IND;MEDICO IND.;23/09/2026;(vazio);13/09/2026;(vazio);(vazio);(vazio);;;#REF!;108;0;#REF!;#REF!;#REF!;#REF!
ARTWORK;715;TUBO TRAQUEOSTOMIA 4.5C/B C/10 SOLI (BO);100;ESTÁVEL;TUBO DE TRAQUEOSCOMIA;IMP000036-MEDICO IND;MEDICO IND.;23/09/2026;(vazio);13/09/2026;(vazio);(vazio);(vazio);;;#REF!;71;0;#REF!;#REF!;#REF!;#REF!
ARTWORK;717;(vazio);50;ESTÁVEL;(vazio);IMP000036-MEDICO IND;MEDICO IND.;23/09/2026;(vazio);13/09/2026;(vazio);(vazio);(vazio);;;#REF!;46;0;#REF!;#REF!;#REF!;#REF!
ARTWORK;901;MASCARA OXI PADRAO INF S/ EXT SOLID (BO);400;ESTÁVEL;MASCARAS;IMP000036-MEDICO IND;MEDICO IND.;23/09/2026;(vazio);13/09/2026;(vazio);(vazio);(vazio);;;#REF!;395;0;#REF!;#REF!;#REF!;#REF!
ARTWORK;4267;CANULA NASAL ADU T/O C/EXT C/100 SOLIDOR;1.000,00;ESTÁVEL;CANULAS NASAIS DE OXIGENIO;IMP000036-MEDICO IND;MEDICO IND.;23/09/2026;(vazio);13/09/2026;(vazio);(vazio);(vazio);;;#REF!;287;0;#REF!;#REF!;#REF!;#REF!
ARTWORK;78025;(vazio);12.000,00;ESTÁVEL;(vazio);IMP000036-MEDICO IND;MEDICO IND.;23/09/2026;(vazio);13/09/2026;(vazio);(vazio);(vazio);;;#REF!;5492;0;#REF!;#REF!;#REF!;#REF!
ARTWORK;78026;SONDA ASPIRACAO C/VAL 10FR C/10 SOLIDOR;8.000,00;ESTÁVEL;SONDAS FOLEY;IMP000036-MEDICO IND;MEDICO IND.;23/09/2026;(vazio);13/09/2026;(vazio);(vazio);(vazio);;;#REF!;2240;0;#REF!;#REF!;#REF!;#REF!
ARTWORK;78027;SONDA ASPIRACAO C/VAL 12FR C/10 SOLIDOR;22.000,00;ESTÁVEL;SONDAS FOLEY;IMP000036-MEDICO IND;MEDICO IND.;23/09/2026;(vazio);13/09/2026;(vazio);(vazio);(vazio);;;#REF!;2770;0;#REF!;#REF!;#REF!;#REF!
ARTWORK;78028;SONDA ASPIRACAO C/VAL 14FR C/10 SOLIDOR;10.000,00;ESTÁVEL;SONDAS FOLEY;IMP000036-MEDICO IND;MEDICO IND.;23/09/2026;(vazio);13/09/2026;(vazio);(vazio);(vazio);;;#REF!;6613;0;#REF!;#REF!;#REF!;#REF!
ARTWORK;341;AGULHA HIP 25X7 C/100 SOLIDOR;35.000,00;ESTÁVEL;AGULHAS HIPODERMICAS;26.05MAGU-3;MEDICO IND.;01/10/2026;(vazio);23/09/2026;(vazio);(vazio);(vazio);;;#REF!;19947;0;#REF!;#REF!;#REF!;#REF!
ARTWORK;342;AGULHA HIP 25X8 C/100 SOLIDOR;30.000,00;ESTÁVEL;AGULHAS HIPODERMICAS;26.05MAGU-3;MEDICO IND.;01/10/2026;(vazio);23/09/2026;(vazio);(vazio);(vazio);;;#REF!;2328;0;#REF!;#REF!;#REF!;#REF!
ARTWORK;343;AGULHA HIP 30X7 C/100 SOLIDOR;17.500,00;ESTÁVEL;AGULHAS HIPODERMICAS;26.05MAGU-3;MEDICO IND.;01/10/2026;(vazio);23/09/2026;(vazio);(vazio);(vazio);;;#REF!;1112;0;#REF!;#REF!;#REF!;#REF!
ARTWORK;344;AGULHA HIP 30X8 C/100 SOLIDOR;30.000,00;PRIORIDADE;AGULHAS HIPODERMICAS;26.05MAGU-3;MEDICO IND.;01/10/2026;(vazio);23/09/2026;(vazio);(vazio);(vazio);;;#REF!;500;0;#REF!;#REF!;#REF!;#REF!
ARTWORK;345;AGULHA HIP 40X12 C/100 SOLIDOR;50.000,00;ESTÁVEL;AGULHAS HIPODERMICAS;26.05MAGU-3;MEDICO IND.;01/10/2026;(vazio);23/09/2026;(vazio);(vazio);(vazio);;;#REF!;35714;0;#REF!;#REF!;#REF!;#REF!
ARTWORK;5401;EQUIPO MACRO COMPLETO L2 PVC C/25 (SW);65.600,00;PRIORIDADE;EQUIPOS;IMP000050-WEIGAO;WEIGAO;04/10/2026;(vazio);24/09/2026;(vazio);2;(vazio);;;#REF!;0;0;#REF!;#REF!;#REF!;#REF!
ARTWORK;8007;EQUIPO MACRO COMPLETO L2 PVC C/25 (SW);16.400,00;ESTÁVEL;EQUIPOS;IMP000056-WEIGAO;WEIGAO;04/10/2026;(vazio);24/09/2026;(vazio);2;(vazio);;;#REF!;5944;0;#REF!;#REF!;#REF!;#REF!
ARTWORK;5468;ELETRODO (ECG) SOLIDOR;12.240,00;ESTÁVEL;ELETRODOS;IMP000046-MEDICO ELEC;MEDICO ELECTRODES;05/10/2026;(vazio);25/09/2026;(vazio);(vazio);(vazio);;;#REF!;17786;0;#REF!;#REF!;#REF!;#REF!
ARTWORK;109;AGULHA SUTURA B 3 C/120 PROCARE;72;CRÍTICO;AGULHAS PARA SUTURA;IMP000039-MEDICO IND;MEDICO IND.;06/10/2026;(vazio);28/09/2026;(vazio);(vazio);(vazio);;;#REF!;0;0;#REF!;#REF!;#REF!;#REF!
ARTWORK;112;AGULHA SUTURA B 6 C/120 PROCARE;60;CRÍTICO;LAMINAS DE BISTURI;IMP000039-MEDICO IND;MEDICO IND.;06/10/2026;(vazio);28/09/2026;(vazio);(vazio);(vazio);;;#REF!;0;0;#REF!;#REF!;#REF!;#REF!
ARTWORK;116;AGULHA SUTURA B 10 C/120 PROCARE;204;ESTÁVEL;LAMINAS DE BISTURI;IMP000039-MEDICO IND;MEDICO IND.;06/10/2026;(vazio);28/09/2026;(vazio);(vazio);(vazio);;;#REF!;92;0;#REF!;#REF!;#REF!;#REF!
ARTWORK;120;(vazio);12;ESTÁVEL;LAMINAS DE BISTURI;IMP000039-MEDICO IND;MEDICO IND.;06/10/2026;(vazio);28/09/2026;(vazio);(vazio);(vazio);;;#REF!;7;0;#REF!;#REF!;#REF!;#REF!
ARTWORK;138;AGULHA SUTURA G 7 C/120 PROCARE;252;ESTÁVEL;LAMINAS DE BISTURI;IMP000039-MEDICO IND;MEDICO IND.;06/10/2026;(vazio);28/09/2026;(vazio);(vazio);(vazio);;;#REF!;65;0;#REF!;#REF!;#REF!;#REF!
ARTWORK;139;AGULHA SUTURA G 8 C/120 PROCARE;804;CRÍTICO;LAMINAS DE BISTURI;IMP000039-MEDICO IND;MEDICO IND.;06/10/2026;(vazio);28/09/2026;(vazio);(vazio);(vazio);;;#REF!;0;0;#REF!;#REF!;#REF!;#REF!
ARTWORK;140;AGULHA SUTURA G 9 C/120 PROCARE;804;ESTÁVEL;AGULHAS PARA SUTURA;IMP000039-MEDICO IND;MEDICO IND.;06/10/2026;(vazio);28/09/2026;(vazio);(vazio);(vazio);;;#REF!;19;0;#REF!;#REF!;#REF!;#REF!
ARTWORK;141;AGULHA SUTURA G 10 C/120 PROCARE;804;ESTÁVEL;AGULHAS PARA SUTURA;IMP000039-MEDICO IND;MEDICO IND.;06/10/2026;(vazio);28/09/2026;(vazio);(vazio);(vazio);;;#REF!;151;0;#REF!;#REF!;#REF!;#REF!
ARTWORK;142;AGULHA SUTURA G 11 C/120 PROCARE;60;ESTÁVEL;AGULHAS PARA SUTURA;IMP000039-MEDICO IND;MEDICO IND.;06/10/2026;(vazio);28/09/2026;(vazio);(vazio);(vazio);;;#REF!;42;0;#REF!;#REF!;#REF!;#REF!
ARTWORK;143;AGULHA SUTURA G 12 C/120 PROCARE;252;ESTÁVEL;AGULHAS PARA SUTURA;IMP000039-MEDICO IND;MEDICO IND.;06/10/2026;(vazio);28/09/2026;(vazio);(vazio);(vazio);;;#REF!;12;0;#REF!;#REF!;#REF!;#REF!
ARTWORK;146;(vazio);24;CRÍTICO;LAMINAS DE BISTURI;IMP000039-MEDICO IND;MEDICO IND.;06/10/2026;(vazio);28/09/2026;(vazio);(vazio);(vazio);;;#REF!;0;0;#REF!;#REF!;#REF!;#REF!
ARTWORK;155;AGULHA SUTURA GR 7 C/120 PROCARE;48;ESTÁVEL;AGULHAS PARA SUTURA;IMP000039-MEDICO IND;MEDICO IND.;06/10/2026;(vazio);28/09/2026;(vazio);(vazio);(vazio);;;#REF!;13;0;#REF!;#REF!;#REF!;#REF!
ARTWORK;156;AGULHA SUTURA GR 8 C/120 PROCARE;408;PRIORIDADE;AGULHAS PARA SUTURA;IMP000039-MEDICO IND;MEDICO IND.;06/10/2026;(vazio);28/09/2026;(vazio);(vazio);(vazio);;;#REF!;0;0;#REF!;#REF!;#REF!;#REF!
ARTWORK;160;AGULHA SUTURA GR 12 C/120 PROCARE;504;CRÍTICO;AGULHAS PARA SUTURA;IMP000039-MEDICO IND;MEDICO IND.;06/10/2026;(vazio);28/09/2026;(vazio);(vazio);(vazio);;;#REF!;0;0;#REF!;#REF!;#REF!;#REF!
ARTWORK;161;AGULHA SUTURA GR 13 C/120 PROCARE;204;ESTÁVEL;AGULHAS PARA SUTURA;IMP000039-MEDICO IND;MEDICO IND.;06/10/2026;(vazio);28/09/2026;(vazio);(vazio);(vazio);;;#REF!;173;0;#REF!;#REF!;#REF!;#REF!
ARTWORK;162;AGULHA SUTURA GR 14 C/120 PROCARE;300;ESTÁVEL;AGULHAS PARA SUTURA;IMP000039-MEDICO IND;MEDICO IND.;06/10/2026;(vazio);28/09/2026;(vazio);(vazio);(vazio);;;#REF!;94;0;#REF!;#REF!;#REF!;#REF!
ARTWORK;181;(vazio);24;CRÍTICO;LAMINAS DE BISTURI;IMP000039-MEDICO IND;MEDICO IND.;06/10/2026;(vazio);28/09/2026;(vazio);(vazio);(vazio);;;#REF!;0;0;#REF!;#REF!;#REF!;#REF!
ARTWORK;184;AGULHA SUTURA PB 4 C/120 PROCARE;60;CRÍTICO;AGULHAS PARA SUTURA;IMP000039-MEDICO IND;MEDICO IND.;06/10/2026;(vazio);28/09/2026;(vazio);(vazio);(vazio);;;#REF!;0;0;#REF!;#REF!;#REF!;#REF!
ARTWORK;341;AGULHA HIP 25X7 C/100 SOLIDOR;35.000,00;ESTÁVEL;AGULHAS HIPODERMICAS;26.05MAGU-2;MEDICO IND.;07/10/2026;(vazio);29/09/2026;(vazio);(vazio);(vazio);;;#REF!;19947;0;#REF!;#REF!;#REF!;#REF!
ARTWORK;342;AGULHA HIP 25X8 C/100 SOLIDOR;30.000,00;ESTÁVEL;AGULHAS HIPODERMICAS;26.05MAGU-2;MEDICO IND.;07/10/2026;(vazio);29/09/2026;(vazio);(vazio);(vazio);;;#REF!;2328;0;#REF!;#REF!;#REF!;#REF!
ARTWORK;343;AGULHA HIP 30X7 C/100 SOLIDOR;17.500,00;ESTÁVEL;AGULHAS HIPODERMICAS;26.05MAGU-2;MEDICO IND.;07/10/2026;(vazio);29/09/2026;(vazio);(vazio);(vazio);;;#REF!;1112;0;#REF!;#REF!;#REF!;#REF!
ARTWORK;344;AGULHA HIP 30X8 C/100 SOLIDOR;30.000,00;PRIORIDADE;AGULHAS HIPODERMICAS;26.05MAGU-2;MEDICO IND.;07/10/2026;(vazio);29/09/2026;(vazio);(vazio);(vazio);;;#REF!;500;0;#REF!;#REF!;#REF!;#REF!
ARTWORK;345;AGULHA HIP 40X12 C/100 SOLIDOR;50.000,00;ESTÁVEL;AGULHAS HIPODERMICAS;26.05MAGU-2;MEDICO IND.;07/10/2026;(vazio);29/09/2026;(vazio);(vazio);(vazio);;;#REF!;35714;0;#REF!;#REF!;#REF!;#REF!
ARTWORK;86003;ALCOOL SWAB SACHE C/100 (PH);364.000,00;ESTÁVEL;SACHES;IMP000044-PHOENIX;PHOENIX;11/10/2026;(vazio);01/10/2026;(vazio);2;(vazio);;;#REF!;20680;0;#REF!;#REF!;#REF!;#REF!
ARTWORK;487;EQUIPO TRANSF SANGUE CAM2 C/100;3.000,00;ESTÁVEL;EQUIPOS;26.04MEQ;MEDICO IND.;17/10/2026;(vazio);09/10/2026;(vazio);(vazio);(vazio);;;#REF!;5471;0;#REF!;#REF!;#REF!;#REF!
ARTWORK;5401;EQUIPO MACRO COMPLETO L2 PVC C/25 (SW);65.600,00;PRIORIDADE;EQUIPOS;IMP000051-WEIGAO;WEIGAO;23/10/2026;(vazio);13/10/2026;(vazio);2;(vazio);;;#REF!;0;0;#REF!;#REF!;#REF!;#REF!
ARTWORK;8007;EQUIPO MACRO COMPLETO L2 PVC C/25 (SW);16.400,00;ESTÁVEL;EQUIPOS;IMP000057-WEIGAO;WEIGAO;23/10/2026;(vazio);13/10/2026;(vazio);2;(vazio);;;#REF!;5944;0;#REF!;#REF!;#REF!;#REF!
ARTWORK;5401;EQUIPO MACRO COMPLETO L2 PVC C/25 (SW);65.600,00;PRIORIDADE;EQUIPOS;IMP000052-WEIGAO;WEIGAO;06/11/2026;(vazio);27/10/2026;(vazio);2;(vazio);;;#REF!;0;0;#REF!;#REF!;#REF!;#REF!
ARTWORK;8007;EQUIPO MACRO COMPLETO L2 PVC C/25 (SW);16.400,00;ESTÁVEL;EQUIPOS;IMP000058-WEIGAO;WEIGAO;06/11/2026;(vazio);27/10/2026;(vazio);2;(vazio);;;#REF!;5944;0;#REF!;#REF!;#REF!;#REF!
